abbreviation|descriptions
"3TC"|"lamivudine"
"5-FU"|"5-fluroro-uracile"
"5-HiAA"|"(5-hydroxyindole acetic acid) acide 5-hydroxyindolacétique (A5HIA)"
"5-HT"|"5-hydroxytryptamine ou sérotonine"
"6-MAM"|"6-monoacétylmorphine"
"A1At"|"α-1-antitrypsine (aussi αAT ou AAT)"
"AA"|"aorte ascendante, affection actuelle, acide aminé, air ambiant, antiarthrosique, allaitement artificiel, amplitude articulaire"
"AAA"|"anévrisme de l'aorte abdominale, abcès apical aigu"
"AAB"|"Abdomen à blanc (radiographie de l'abdomen sans préparation)"
"AAC"|"allergies alimentaires croisées, angiopathie amyloïde cérébrale"
"AAE"|"alvéolite allergique extrinsèque"
"AAG"|"asthme aigu grave"
"AAH"|"allocation aux adultes handicapés"
"AAL"|"acide alpha-lipoïque"
"AAM"|"anticorps anti-mitochondries (en)"
"AAN"|"anticorps antinucléaire"
"AAP"|"amputation abdomino-périnéale, antiagrégant plaquettaire, artère auriculaire postérieure"
"AAR"|"antiarythmique"
"AAT"|"α-1-antitrypsine (αAT)"
"AAV"|"adeno associated virus (virus adéno-associé)"
"ABC"|"ATP Binding Cassette"
"ABCDE"|"Asymétrie - Bords irréguliers - Couleur inhomogène - Diamètre supérieur à 6 mm - Évolution (critères du mélanome)"
"ABPA"|"aspergillose bronchopulmonaire allergique"
"ABQA"|"acide benzoquinone acétique"
"AC"|"arrêt cardiaque"
"ACR"|"arrêt cardiorespiratoire"
"AC"|"(ante cibum) avant le repas (préprandial), anticorps, anticoagulé, anticoagulant"
"ACA"|"acrodermatite chronique atrophiante, artère cérébrale antérieure"
"ACC"|"anterior cingulate cortex (cortex cingulaire antérieur), arrêt cardiocirculatoire"
"ACCA"|"ancien chef de clinique assistant"
"ACD"|"Angle colique droit, acidocétose diabétique"
"ACFA"|"arythmie complète par fibrillation auriculaire"
"ACh"|"acétylcholine"
"ACE"|"antigène carcinoembryonnaire, arrière cavité des épiploons"
"ACG"|"autocontrôle de la glycémie"
"ACJ"|"arthrite chronique juvénile"
"ACLF"|"acute on chronic liver failure (décompensation aigüe sur cirrhose)"
"ACM"|"artère cérébrale moyenne"
"ACOD"|"anticoagulant oral direct"
"ACOMI"|"artériopathie chronique oblitérante des membres inférieurs"
"ACP"|"artère ciliaire postérieure"
"ACR"|"arrêt cardiorespiratoire"
"ACSOS"|"agressions cérébrales secondaires d'origine systémique"
"ACTH"|"adrenocorticotropic hormone (hormone corticotrope)"
"ACTP"|"angioplastie coronarienne transluminale percutanée"
"ACV"|"arrêt cardioventilatoire, aciclovir (et anciennement accident cérébrovasculaire)"
"ad"|"(auricula dexter) oreillette droite - atrium droit"
"AD"|"arcades dentaires, autosomique dominant"
"ADC"|"apparent diffusion coefficient (coefficient de diffusion apparent)"
"ADCC"|"antibody-dependent cell-mediated cytotoxicity (cytotoxicité à médiation cellulaire dépendante des anticorps)"
"AdD"|"accident de décompression"
"ADE"|"facilitation de l'infection par des anticorps (Antibody-dependant enhancement)"
"ADEM"|"encéphalomyélite aigüe disséminée (acute disseminated encephalomyelitis)"
"ADH"|"antidiuretic hormone (hormone antidiurétique), alcool déshydrogénase"
"ADK"|"adénocarcinome"
"ADMD"|"Association pour le droit de mourir dans la dignité"
"ADME"|"absorption distribution métabolisme  élimination"
"ADN"|"acide désoxyribonucléique"
"ADO"|"anti-diabétiques oraux"
"ADP"|"adénopathie, adénosine diphosphate, antidépresseur polycyclique"
"ADPKD"|"polykystose rénale autosomique dominante (autosomal dominant polycystic kidney disease)"
"ADT"|"accident du travail"
"AdVC"|"accident de la vie courante"
"AE"|"antiépileptique"
"AEC"|"altération de l'état de conscience (confusion)"
"AEG"|"altération de l'état général"
"AEEH"|"allocation d'éducation de l'enfant handicapé"
"AEMO"|"aide éducative en milieu ouvert"
"AEP"|"angine érythématopultacée"
"AES"|"accident d'exposition au sang, accident d'exposition sexuelle, auto-examen du sein (en)"
"AESP"|"activité électrique sans pouls"
"AET"|"apport énergétique total"
"AEV"|"accident d'exposition au risque de transmission virale"
"AF"|"antécédent familial"
"AFP"|"alpha-fœtoprotéine"
"AG"|"anesthésie générale, acide gras"
"AGE"|"acide gras essentiel"
"AGGIR"|"autonomie, gérontologie groupe iso ressources"
"AGL"|"acide gras libre"
"AGPI"|"acide gras poly-insaturé"
"AGNE"|"acide gras libre non estérifié"
"AGT"|"amnésie transitoire globale"
"Ag"|"antigène, argent"
"AHH"|"axe hypothalamo-hypophysaire"
"AHAI"|"anémie hémolytique auto-immune"
"AI"|"angor instable, auto-immun"
"AIA"|"anastomose iléoanale"
"AIAP"|"arthrose interapophysaire postérieure"
"AIC"|"Accident ischémique constitué"
"AIP"|"pneumonie interstitielle aigüe"
"AINS"|"anti-inflammatoire non stéroïdien"
"AIR"|"association des insuffisants respiratoires, anastomose iléorectale"
"AIRE"|"auto-immune regulator"
"AIS"|"adénocarcinome in situ"
"AIT"|"accident ischémique transitoire"
"AITL"|"angioimmunoblastic T-cell lymphoma (lymphome T angioimmunoblastique)"
"AIVOC"|"anesthésie intraveineuse à objectif de concentration"
"AJI"|"arthrite juvénile idiopathique"
"AJPP"|"allocation journalière de présence parentale"
"AK"|"akinésie"
"AL"|"anesthésie locale"
"ALAT"|"alanine aminotransférase"
"ALD"|"affection longue durée, adrénoleucodystrophie, aliments lactés diététiques"
"ALK"|"anaplastic lymphoma kinase (kinase du lymphome anaplastique)"
"ALP"|"anesthésie locale paracervicale"
"ALPS"|"(autoimmune lymphoproliferative syndrome) syndrome lymphoprolifératif avec auto-immunité"
"ALR"|"anesthésie locorégionale"
"AM"|"allaitement maternel"
"AME"|"aide médicale d'État, allaitement maternel exclusif"
"AMG"|"amaigrissement"
"AMH"|"(anti-müllerian hormone) hormone de régression müllérienne"
"AMI"|"artère mésentérique inférieure"
"AMIR"|"anomalie microvasculaire intrarétinienne"
"AMM"|"autorisation de mise sur le marché"
"AMO"|"ablation du matériel d'ostéosynthèse"
"AMP"|"adénosine monophosphate, aide médicale à la procréation ou ampoule"
"AMPc"|"AMP cyclique"
"AMS"|"aire motrice supplémentaire, artère mésentérique supérieure, aminosalicylé"
"AMV"|"acide mévalonique"
"ANA"|"anticorps antinucléaires"
"ANC"|"apports nutritionnels conseillés"
"ANCA"|"anti neutrophilic cytoplasm antibody (anticorps anticytoplasme des polynucléaires neutrophiles)"
"ANO+"|"AID POSITIF"
"ANSM"|"Agence nationale de sécurité du médicament et des produits de santé"
"AOD"|"anticoagulant oral direct"
"AOMI"|"artériopathie oblitérante des membres inférieurs"
"AP"|"artère pulmonaire, accouchement prématuré"
"APA"|"allocation personnalisée d'autonomie"
"APECED"|"Autoimmune PolyEndocrinopathy-Candidiasis-Ectodermal Dystrophy (Polyendocrinopathie auto-immune de type 1)"
"APCN"|"aspergillose pulmonaire chronique nécrosante"
"APGAR"|"american pediatric gross assessment record"
"APHP"|"Assistance publique - Hôpitaux de Paris"
"API"|"aspergillose pulmonaire invasive"
"APLV"|"allergie aux protéines du lait de vache"
"Apo"|"apolipoprotéine"
"APO"|"administration prophylactique d'ocytocine"
"APP"|"appendicectomie"
"APS"|"anti-paludéen de synthèse"
"APSI"|"atrésie pulmonaire à septum intact, allergène préparés spécialement pour un individu"
"APSO"|"atrésie pulmonaire à septum ouvert"
"APUD"|"amine precursor uptake and decarboxylation (groupe de cellules captant et décarboxylant des précurseurs d'amines)"
"AR"|"autosomique récessif"
"ARA"|"American rheumatism association"
"ARA2"|"antagoniste des récepteurs de l'angiotensine II"
"ARCF"|"anomalie du rythme cardiofœtal"
"ARD"|"ankyrin repeat containing domain (Répétition ankyrine)"
"ARDS,SDRA"|"syndrome de détresse respiratoire aigüe (acute respiratory distress syndrome)"
"ARH"|"agence régionale de l'hospitalisation"
"ARM"|"angio-IRM, assistant de régulation médicale"
"ARMM"|"anti-rhumatismaux modificateurs de la maladie"
"ARN"|"acide ribonucléique"
"ARNm"|"ARN messager"
"ARS"|"Agence régionale de santé"
"AS"|"aide-soignant, (auricula sinister) oreillette gauche, atrium gauche, agression sexuelle"
"ASA"|"American Society of Anesthesiologists pour la classification du risque opératoire"
"ASAT"|"aspartate aminotransférase"
"ASC"|"aire sous la courbe"
"ASE"|"aide sociale à l'enfance"
"ASH"|"agent des services hospitaliers"
"ASIA"|"anévrisme du septum interauriculaire, score ASIA"
"ASLO"|"anticorps anti-streptolysine O"
"ASMR"|"amélioration du service médical rendu"
"ASMS"|"analogue de la somatostatine"
"ASP"|"abdomen sans préparation, avortement spontané précoce, Amnesis shellfish poisoning (intoxication amnésique par les "mollusques)
"ATA"|"atmosphère absolue"
"AT"|"arrêt de travail"
"AT1"|"angiotensine I"
"AT2"|"angiotensine II"
"ATB"|"arbre trachéobronchique, antibiotiques"
"ATC"|"angioplastie transcoronarienne, antidépresseur tricyclique, anticoagulant"
"ATCD"|"antécédents"
"ATD"|"antidépresseur"
"ATF"|"antifongique"
"ATG"|"anti-transglutaminase (anticorps (en))"
"ATL"|"angioplastie transluminale"
"ATL"|"aspirin triggered epilipoxin (en)"
"ATM"|"articulation temporo-mandibulaire"
"ATMS"|"agénésie transverse des membres supérieurs"
"ATO"|"abcès tubo-ovarien"
"ATP"|"adénosine triphosphate"
"ATS"|"antithyroïdien de synthèse, artère temporale superficielle"
"ATU"|"autorisation temporaire d'utilisation"
"AUC"|"area under the curve (aire sous la courbe)"
"AUDC"|"acide ursodésoxycholique"
"AUSP"|"arbre urinaire sans préparation"
"AV"|"acuité visuelle, atrio-ventriculaire"
"AVB"|"accouchement par voie basse"
"AVC"|"accident vasculaire cérébral"
"AVD"|"activités de la vie domestique"
"AVK"|"anti-vitamine K"
"AVP"|"accident sur la voie publique"
"AVQ"|"activités de la vie quotidienne"
"AWIPH"|"agence wallonne pour l'intégration des personnes handicapées"
"AZF"|"Azoospermia factor"
"AZM"|"azithromycine"
"AZT"|"azidothymidine"
"BAAR"|"bacille acido-alcoolo-résistant"
"BABP"|"plâtre brachio-antébrachio-palmaire"
"BAN"|"battement des ailes du nez"
"BAT"|"biopsie d'artère temporale → maladie de Horton"
"BAV"|"bloc atrio-ventriculaire (auriculo-ventriculaire), baisse de l'acuité visuelle, bas à varice"
"BAVU"|"ballon autoremplisseur à valve unidirectionnelle"
"BB"|"bébé, bêta-bloquant"
"BBBB"|"bébé bouge bien"
"BBD"|"bloc de branche droit"
"BBE"|"biopsies bronchiques étagées"
"BBG"|"bloc de branche gauche"
"BBK"|"signe de Babinski"
"BBS"|"maladie de Besnier-Boeck-Schaumann (sarcoïdose)"
"BCF"|"bruit du cœur fœtal"
"BCG"|"bacille de Calmette et Guérin"
"BCMD"|"base des causes médicales de décès"
"BD"|"bronchodilatateur"
"BDA"|"bouffée délirante aigüe"
"BdC"|"bruit du cœur"
"BDCA"|"bronchodilatateur de courte durée d'action"
"BDLA"|"bronchodilatateur de longue durée d'action"
"BEA"|"bonne entrée d'air (BEAx2 pour les deux poumons)"
"BEG"|"bon état général"
"BEH"|"bulletin épidémiologique hebdomadaire"
"BEPS"|"brevet européen de premiers secours"
"BES"|"bien-être social, bilan électrolytique sanguin"
"BGN"|"bacille gram négatif"
"BGP"|"bacille gram positif"
"BGSA"|"biopsies des glandes salivaires accessoires"
"BH"|"bilan hépatique"
"BHA"|"bruits hydroaériques"
"BHC"|"bilan hépatique complet"
"BHD"|"buprénorphine haut dosage (Subutex)"
"BHE"|"barrière hémato-encéphalique"
"BHR"|"bactéries hautement résistantes, barrière hématorétinienne"
"BID"|"(bis in die) deux fois par jour"
"BIP"|"diamètre bipariétal"
"BIS"|"index bispectral"
"BK"|"bacille de Koch"
"BLSE"|"bêta-lactamase à spectre élargi ( étendu)"
"BM"|"biopsie médullaire, brûlures mictionnelles"
"BMI"|"indice de masse corporelle"
"BMR"|"bactérie multirésistante aux antibiotiques"
"BNP"|"Brain Natriuretic Peptide"
"BOM"|"biopsie ostéomédullaire"
"BoNT"|"neurotoxine botulique"
"BP"|"blood patch"
"BPCO"|"bronchopneumopathie chronique obstructive"
"BPM"|"battements par minute"
"BRAIN"|"Bénéfices - Risques - Alternatives - Intuition et Nothing"
"BREF"|"batterie rapide d'efficience frontale"
"BS"|"bilan sanguin"
"BSA"|"bloc sino-atrial = bloc sino-auriculaire"
"BSAD"|"bourse sous-acromio-deltoïdienne"
"BSH"|"bonne santé habituelle, biosurveillance humaine"
"Btk"|"(Bruton's tyrosine kinase) tyrosine kinase de Bruton"
"BTTA"|"botulinum toxin type A (toxine botulique)"
"BTU"|"benzythiouracile"
"BU"|"bandelette urinaire"
"BUM"|"fiche de bon usage du médicament"
"BUT"|"break up time (test de rupture lacrymale)"
"BVM"|"bouffées vasomotrices"
"Bx"|"biopsie"
"BZD"|"benzodiazépine (psychotrope anxiolytique)"
"C"|"cytosine, cystéine"
"C+A"|"culture + antibiogramme"
"C1G"|"céphalosporine de première génération"
"C3G"|"céphalosporine troisième génération"
"Ca"|"calcium"
"CA"|"canal artériel, complément d'anamnèse"
"CAARUD"|"centre d'accueil et d'accompagnement à la réduction des risques chez les usagers de drogues"
"CAC"|"conscience analytique cérébrale, centre d'accueil et de crise d'urgence"
"CAFA"|"crise aiguë par fermeture de l'angle"
"CAI"|"conduit auditif interne"
"CAE"|"conduit auditif externe"
"CAM"|"complexe d'attaque membranaire"
"CAMSP"|"centre d'action médicosocial précoce"
"CAP"|"centre antipoison, centre d'accueil permanent"
"CAPTV"|"centre antipoison et de toxicovigilance"
"CaSR"|"Calcium sensing receptor (Récepteur sensible au calcium)"
"CAT"|"conduite à tenir"
"CATTP"|"centre d'accueil thérapeutique à temps partiel"
"CB"|"corpuscule de Barr"
"CBC"|"carcinome bronchopulmonaire, carcinome basocellulaire"
"CBCT"|"cone beam computed tomography"
"CBD"|"cannabidiol"
"CBG"|"cortisol binding globulin"
"CBH"|"syndrome de Claude-Bernard-Horner"
"CBNPC"|"cancer bronchique non à petites cellules"
"CBP"|"cholangite biliaire primitive"
"CC"|"collier cervical, corps cétoniques"
"CCA"|"chef de clinique assistant, Chondrocalcinose articulaire, Cortex cingulaire antérieur"
"CCAM"|"classification commune des actes médicaux"
"CCH"|"crise convulsive hyperthermique"
"CCI"|"cathéter de chambre implantable, commission de conciliation et d'indemnisation, carcinome canalaire infiltrant"
"CCL"|"conclusion"
"CCMH"|"concentration corpusculaire moyenne en hémoglobine"
"CCO"|"charnière cervico-occipitale"
"CCP"|"concentrés des complexes prothrombiniques, cyclic citrullinated peptides (anticorps anti-peptides citrullinés cyclisés)"
"CCQ"|"Céphalée chronique quotidienne"
"CCR"|"cancer colorectal"
"CCU"|"critical care unit (unité de soins intensifs), cancer du col de l'utérus"
"CCVG"|"chambre de chasse du ventricule gauche"
"CD"|"artère coronaire droite"
"CDAPH"|"commission des droits et de l'autonomie des personnes handicapées"
"CDC"|"center for disease control and prevention"
"CdD"|"circonstances de découverte"
"CdOM"|"conseil départemental de l'ordre des médecins"
"CDR"|"coxarthrose destructrice rapide"
"CdU"|"chimie des urines"
"CE"|"cholestérol estérifié, corps étranger, carcinome épidermoïde"
"CEC"|"circulation extracorporelle"
"CEE"|"choc électrique externe"
"CEIO"|"corps étranger intraoculaire"
"CEIP-A"|"centre d'évaluation et d'information sur la pharmacodépendance et centre d'addictovigilance"
"CF"|"constipation fonctionnelle"
"CFA"|"compte des follicules antraux"
"CG"|"chorionic gonadotropin (hormone gonadotrophine chorionique), chromatographie gazeuse"
"CGA"|"Comprehensive geriatric assessment (Évaluation gériatrique multidisciplinaire)"
"CGN"|"cocci gram négatif"
"CGP"|"cocci gram positif"
"CGR"|"concentré de globules rouges"
"CH"|"centre hospitalier, chromosome, centésimale hahnemannienne en homéopathie"
"CHATOD"|"Centre d’hébergement et d’activités thérapeutiques et occupationnelles pour personnes âgées désorientées"
"CHC"|"carcinome hépatocellulaire"
"CHD"|"centre hospitalier départemental"
"CHH"|"complexe hypothalamo-hypophysaire"
"CHIP"|"Chimiohyperthermie intrapéritonéale"
"CHR"|"centre hospitalier régional"
"CHRU"|"centre hospitalier régional universitaire"
"CHS"|"centre hospitalier spécialisé"
"CHSCT"|"comité d'hygiène de sécurité et des conditions de travail"
"CHSLD"|"centre d’hébergement et de soins de longue durée"
"CHU"|"centre hospitalier universitaire"
"CHX"|"chirurgie"
"CI"|"cadre infirmier, contre-indication, chambre implantable"
"CIA"|"communication interauriculaire"
"CIC"|"complexes immuns circulants"
"CICR"|"Comité international de la Croix-Rouge"
"CID"|"carotide interne droite"
"CIDDIST"|"centre d'information de dépistage et de diagnostic des infections sexuellement transmissibles"
"CIE"|"conscience intuitive extraneuronale"
"CIK"|"chlorure de potassium"
"CIM"|"classification internationale des maladies"
"CIMI"|"compression intermittente des membres inférieurs"
"CIN"|"Cervical Intraepithelial Neoplasia (néoplasie intraépithéliale du col de l'utérus - voir colposcopie)"
"CIP"|"chambre implantable percutanée"
"CIRC"|"centre international de recherche sur le cancer"
"CIS"|"carcinome in situ"
"CISSS"|"centre intégré de santé et de services sociaux"
"CIUSSS"|"centre intégré universitaire de santé et de services sociaux"
"CIV"|"communication interventriculaire, cathéter intraveineux"
"CIVD"|"coagulation intravasculaire disséminée"
"CJC"|"consultations jeunes consommateurs"
"CK"|"créatine kinase"
"CL"|"cholestérol, condyle latéral"
"CLAN"|"comité de liaison en alimentation et nutrition"
"CLAT"|"centre de lutte antituberculeuse"
"CLCC"|"centre de lutte contre le cancer"
"CLE"|"canal lombaire étroit"
"CLI"|"cellule lymphoïde innée"
"CLIC"|"Centre Local d'Information et de Coordination"
"CLIN"|"Comité de lutte contre les infections nosocomiales"
"CLP"|"concentré leucoplaquettaire"
"CLSC"|"centre local de services communautaires"
"CLSM"|"conseils locaux de santé mentale"
"CLU"|"cortisol libre urinaire"
"CLUD"|"comité de lutte contre la douleur"
"CMA"|"centre médical des armées"
"CMB"|"concentration minimale bactéricide, circonférence musculaire brachiale"
"CMD"|"cardiomyopathie dilatée"
"CME"|"commission médicale d'établissement"
"CMG"|"cardiomégalie"
"CMH"|"cardiomyopathie hypertrophique, cardiomyopathie hypertensive, complexe majeur d'histocompatibilité"
"CMI"|"cardiologie médicale interventionnelle, cardiomyopathie ischémique, concentration minimale inhibitrice"
"CMO"|"cardiomyopathie obstructive"
"CMP"|"centre médicopsychologique, cardiomyopathie, commisurotomie mitrale percutanée"
"CMPP"|"centre médicopsychopédagogique"
"CMS"|"Consensus Molecular Subgroups"
"CMT"|"cancer médullaire de la thyroïde, courbe ménothermique, maladie de Charcot-Marie-Tooth, cécité monoculaire transitoire."
"CMU"|"couverture maladie universelle"
"CMUc"|"couverture maladie universelle complémentaire"
"CMV"|"cytomégalovirus"
"CN"|"colique néphrétique, clarté nucale, cerveau neuronal"
"CNA"|"colique néphrétique aigüe"
"CNC"|"complexe de Carney"
"CND"|"cannabidiol"
"CNO"|"compléments nutritionnels oraux"
"CNOM"|"conseil national de l'ordre des médecins"
"CNR"|"centre national de référence"
"CNV"|"copy number variation (variabilité du nombre de copies)"
"cp"|"comprimé"
"CO"|"contraceptifs oraux, monoxyde de carbone"
"COMT"|"catéchol-O-méthyl-transférase"
"COP"|"contraception œstroprogestative"
"COPS"|"commission relative à l'organisation de la permanence des soins"
"COS"|"commandant des opérations de secours"
"COX"|"cyclooxygénase"
"CPA"|"concentré plaquettaire d'aphérèse, cellule présentatrice d'antigène, cœur pulmonaire aigu, consultation préanesthésique"
"CPBIA"|"contre-pulsion par ballonnet intraaortique"
"CPC"|"cœur pulmonaire chronique, cavité pyélocalicielle, cancer à petites cellules"
"CPE"|"cholangiopancréatographie endoscopique"
"CPEO"|"chronic progressive external ophthalmoplegia (en) (ophtalmoplégie externe progressive chronique)"
"CPF"|"cancer primitif du foie"
"CPIA"|"contre-pulsion intraaortique"
"CPK"|"créatine phosphokinase"
"CPN"|"consultation prénatale"
"CPRE"|"cholangiopancréatographie rétrograde par voie endoscopique"
"CPS"|"concentré plaquettaire standard, carte des Professionnels de Santé"
"CPT"|"capacité pulmonaire totale"
"CPV"|"canal péritonéo-vaginal"
"CRA"|"centre ressources autisme"
"CRCDC"|"centre régional de coordination des dépistages des cancers"
"CRCI"|"commission régionale de conciliation et d'indemnisation"
"CRF"|"capacité résiduelle fonctionnelle, centre de réadaptation fonctionnelle"
"CRH"|"corticotropin releasing hormone (corticolibérine), compte-rendu d'hospitalisation"
"CRIP"|"cellule de recueil des informations préoccupantes"
"CRO"|"compte-rendu opératoire"
"CRMR"|"Centre de référence maladies rares"
"CRP"|"C reactive protein (protéine C réactive)"
"CRPV"|"centre régional de pharmacovigilance"
"CRRA"|"centre de réception et de régulation des appels (15 du Samu)"
"CRUQ"|"commission des relations avec les usagers et de la qualité de la prise en charge"
"CsA"|"ciclosporine A"
"CS"|"caractère sexuel"
"CSAPA"|"centre de soins  d'accompagnement et de prévention en addictologie"
"CSC"|"canal semi-circulaire"
"CSH"|"cellule souche hématopoïétique"
"CSI"|"corticostéroïde inhalé"
"CSO"|"corticostéroïde oral"
"CSP"|"cholangite sclérosante primitive, code de la santé publique"
"CSS"|"syndrome de Churg-Strauss, Conseil supérieur de la santé"
"CSSS"|"centre de santé et de services sociaux"
"CT"|"cholestérol total"
"CTA"|"computed tomography angiography (angioscanner)"
"CTAP"|"computed tomography during arterial portography"
"CTC"|"corticoïdes"
"CTh"|"chimiothérapie"
"CTMSP"|"classification par types en milieu de soins et services prolongés"
"CTO"|"chronic total occlusion (occlusion totale chronique d'une artère coronaire)"
"CTSA"|"centre de transfusion sanguine des armées"
"CU"|"contraction utérine, cuivre"
"CUP"|"Concentré d'unités plaquettaires"
"CV"|"maladie cardiovasculaire, charge virale, capacité vitale, champ visuel, corde vocale"
"CVC"|"circulation veineuse collatérale"
"CVF"|"capacité vitale forcée, capacité vitale fonctionnelle"
"CVL"|"capacité vitale lente"
"CVO"|"crise vasoocclusive"
"CvO2"|"contenu veineux en oxygène"
"CVQ"|"cerveau vibratoire quantique"
"CVT"|"capacité vitale totale"
"CVVH"|"continuous veno-venous hemofiltration: voir hémofiltration"
"CX"|"artère circonflexe (coronaire)"
"D"|"aspartate"
"dlr"|"douleur"
"D1"|"iodothyronine désiodase de type 1"
"D2"|"iodothyronine désiodase de type 2"
"D2T5"|"vaccin anti-diphtérique divalent et anti-tétanique pentavalent"
"D3"|"iodothyronine désiodase de type 3"
"DA"|"délivrance artificielle, dissection aortique, douleur abdominale, directives anticipées, dopamine, dermatite atopique"
"DAC"|"dispositif d'annonce en cancérologie, décompensation acidocétosique, dispositifs d'appui à la coordination"
"DAD"|"dommage alvéolaire diffus"
"DAE"|"défibrillateur automatique externe"
"DAI"|"défibrillateur automatique implantable"
"DAL"|"dispositif d'aide à l'allaitement"
"DALA"|"Déficit androgénique lié à l'âge"
"DAM"|"dysfonction de l'appareil manducateur"
"DAMP"|"Damage associated molecular patterns molecules (motif moléculaire associés aux dégâts)"
"DAN"|"diagnostic anténatal - échelle d'évaluation de la douleur aigüe du nouveau-né"
"DAPC"|"dystrophin associated protein complex (complexe protéique associé à la dystrophine)"
"DAPT"|"double antiagrégation plaquettaire (dual antiplatelet therapy)"
"DAS"|"débit d'absorption spécifique"
"DAT"|"diamètre abdominal transverse"
"DAVD"|"dysplasie arythmogène du ventricule droit"
"DBI"| "diabète de type 1"
"DB1"| "diabète de type 1"
"DBII"|"diabète de type 2"
"DB2"|"diabète de type 2"
"DBAI"|"dermatose bulleuse auto-immune"
"DBP"|"dysplasie bronchopulmonaire"
"D/C"|"discontinué"
"DC"|"débit cardiaque, muscle digastrique cervical"
"DCaT"|"vaccin combiné contre la diphtérie - de type acellulaire contre la coqueluche et contre le tétanos"
"DCB"|"dégénérescence corticobasale"
"DCD"|"décédé, décompensation cardiaque droite"
"DCI"|"dénomination commune internationale"
"DCPC"|"dilatation des cavités pyélocalicielles"
"DD"|"diagnostic différentiel, délivrance dirigée, D-dimères, décubitus dorsal"
"DDASS"|"direction départementale des Affaires sanitaires et sociales"
"DDAVP"|"1-désamino-8-D-arginine vasopressine (desmopressine)"
"DdB"|"dilatation des bronches"
"DDC"|"des deux côtés"
"ddc"|"des deux côtés"
"DDCM"|"date de dernière consultation médicale"
"DDR"|"date des dernières règles"
"DDM"|"date des dernières menstruations"
"DDx"|"diagnostic différentiel"
"DEA"|"défibrillateur externe automatisé"
"DEB"|"dietary electrolyte imbalance"
"DEC"|"déshydratation extracellulaire"
"DEG"|"diminution de l'état général"
"DEM"|"débit expiratoire moyen"
"DEP"|"débit expiratoire de pointe"
"DES"|"diplôme d'études spécialisées (troisième cycle des études médicales) en France, diéthylstilbestrol"
"DEXA"|"Dual Energy X-ray Absorptiometry (absorptiométrie biphotonique à rayons X)"
"DF"|"diarrhée fonctionnelle"
"DFG"|"débit de filtration glomérulaire"
"DFSP"|"dermatofibrosarcome de Darier-Ferrand, dermatofibrosarcome protubérant"
"DFSP-FS"|"dermatofibrosarcome de Darier-Ferrand, dermatofibrosarcome protubérant à évolution fibrosarcomateuse"
"DFT"|"démence frontotemporale"
"DFTN"|"défaut de fermeture du tube neuronal (Spina bifida)"
"DGC"|"diagnostic"
"DGS"|"direction générale de la santé"
"DH+"| "diarrhée"
"dh+"| "diarrhée"
"DHBNN"|"dermohypodermite bactérienne non nécrosante (anciennement érysipèle)"
"DHEA"|"déhydroépiandrostérone"
"DHR"|"dihydrorhodamine 123 (utilisée dans le diagnostic de la granulomatose septique chronique)"
"DHT"|"dihydrotestostérone"
"Diag"|"diagnostic"
"DIC"|"disseminated intravascular coagulation (coagulation intravasculaire disséminée) - déficit immunitaire combiné, dermatite irritante de contact"
"DICS"|"déficit immunitaire combiné sévère"
"DICV"|"déficit immunitaire commun variable"
"DID"|"diabète insulinodépendant"
"die"|"diebus quotidien (médicaments)"
"DIM"|"département d'information médicale, douleur intervertébrale mineure"
"DIP"|"déficit immunitaire primitif"
"DISA"|"disseminated autonomy - forme d'hyperthyroïdie"
"DIT"|"diiodotyrosine"
"DIU"|"dispositif intra-utérin"
"DJ"|"tube urétéral en double"
"DL"|"dose létale"
"DLC"|"drainage lymphatique manuel"
"DLCO"|"diffusion libre du CO"
"DLG"|"décubitus latéral gauche"
"DLI"|"donor lymphocyte infusion (en) (injection de lymphocytes du donneur) - en hématologie"
"DLP"|"dyslipidémie, produit dose x longueur"
"DLR"|"douleur"
"DM"|"dextrométhorphane, dermatomyosite"
"DMB"|"dystrophie musculaire de Becker"
"DMD"|"dystrophie musculaire de Duchenne"
"DME"|"dose maximale efficace, dossier médical électronique"
"DMJ"|"dermatomyosite juvénile"
"DMLA"|"dégénérescence maculaire liée à l'âge"
"DMO"|"densité minérale osseuse, dermatomyosite ossifiante"
"DMP"|"dossier médical personnel, dysmyélopoïèse"
"DMPA"|"acétate de médroxyprogestérone dépôt"
"DMPC"|"dilatation mitrale percutanée"
"DMT"|"dose maximale tolérée, Diméthyltryptamine, Divalent metal transporter (en)"
"DMU"|"dispositif médical à usage unique"
"DMV"|"défaillance multiviscérale"
"DMVB"|"dystrophie maculaire vitelliforme de Best"
"DNID"|"diabète non insulinodépendant"
"DNN"|"dépistage néonatal"
"DNV"|"dystonie neurovégétative"
"DOA"|"décompensation œdématoascitique"
"DOCCU"|"dépistage organisé du cancer du col de l'utérus"
"DOP"|"défaillance ovarienne prématurée"
"DOPA"|"dihydroxyphénylalanine"
"DP"|"dialyse péritonéale"
"DPAR"|"déficit pupillaire afférent relatif"
"DPC"|"duodéno-pancréatectomie céphalique (opération de Whipple), dilatation pyélocalicielle"
"DPCA"|"dialyse péritonéale continue ambulatoire"
"DPE"|"dénutrition protéinoénergétique, duodéno-pancréatectomie élargie"
"DPI"|"diagnostic préimplantatoire"
"DPIG"|"dosage pondéral des immunoglobulines"
"DPJ"|"directeur de la protection de la jeunesse"
"DPN"|"diagnostic prénatal"
"DPN"|"dyspnée paroxystique nocturne"
"DPNI"|"diagnostic prénatal non invasif"
"DPP-4"|"dipeptidyl peptidase-4"
"DPPNI"|"décollement prématuré d'un placenta normalement inséré"
"DR"|"dernières règles, décollement de rétine, détresse respiratoire, docteur"
"DRA"|"détresse respiratoire aigüe"
"DRESS"|"syndrome d'hypersensibilité médicamenteuse"
"DRO"|"dérivé réactif de l'oxygène"
"DRP"|"drainage rhinopharyngé"
"DRR"|"décollement de la rétine rhegmatogène, Digitally Reconstructed Radiography (images radiologiques digitales reconstruites)"
"DRS"|"douleur rétrosternale"
"DRVVT"|"Dilute Russell's viper venom time - temps de venin vipère Russel dilué - test d'exploration de l'hémostase"
"DS"|"déviation standard, détroit supérieur"
"DS"|"diabète sucré de type 1"
"DSII"|"diabète sucré de type 2"
"DSA"|"défibrillateur semi-automatique, donor-specific antibody (en)"
"DSC"|"débit sanguin cérébral"
"DSENO"|"dose sans effet nocif observable"
"DSM"|"Déficit sensitivomoteur, Diagnostic and Statistical Manual of Mental Disorder (manuel diagnostique et statistique des "troubles "mentaux")""DT":"Delirium Tremens, douleurs thoraciques"
"DTA"|"démence de type Alzheimer, douleur thoracique aigüe"
"DTC"|"Doppler transcrânien"
"DTDVG"|"diamètre télédiastolique du ventricule gauche"
"DTS"|"désorientation temporospatiale"
"DTSVG"|"diamètre télésystolique du ventricule gauche"
"DUG"|"diaphragme urogénital"
"DUPC"|"dilatation urétéro-pyélocalicielle"
"DVDA"|"dysplasie ventriculaire droite arythmogène"
"DVE"|"dérivation ventriculaire externe"
"DVI"|"dispositifs veineux implantables"
"DVS"|"dyssynergies vésicosphinctériennes"
"Dx"|"diagnostic"
"DXM"|"dexaméthasone"
"E"|"glutamate"
"E2"|"estradiol"
"EA"|"exacerbation"
"EAL"|"exploration d'une anomalie lipidique"
"EAMPOC"|"exacerbation aigüe de la maladie pulmonaire obstructive chronique (en France bronchopneumopathie chronique obstructive)"
"EBH"|"épidermolyse bulleuse héréditaire"
"EBJ"|"épidermolyse bulleuse jonctionnelle"
"EBLSE"|"entérobactéries productrices de bêta-lactamases à spectre élargi"
"EBNA"|"Epstein-Barr nuclear antigen (antigène nucléaire d'Epstein-Barr)"
"EBO"|"endobrachyœsophage"
"EBV"|"Epstein-Barr virus (virus d'Epstein-Barr)"
"ECA"|"état confusionnel aigu, enzyme de conversion de l'angiotensine"
"ECBC"|"examen cytobactériologique des crachats"
"ECBU"|"examen cytobactériologique des urines"
"ECG"|"électrocardiogramme"
"ECHO virus"|"enteric cytopathogenic human orphan virus (virus orphelin humain cytopathogénique entéral)"
"ECM"|"état de conscience minimal"
"ECMEs"|"embrochage centromédullaire élastique stable"
"ECMO"|"extracorporeal membrane oxygenation (oxygénation par membrane extracorporelle)"
"ECN"|"épreuves classantes nationales"
"ECOG"|"échelle de performance"
"ECT"|"épaisseur cutanée tricipitale, électrocardiotocographie, électroconvulsivothérapie"
"ECUN"|"entérocolite ulcéronécrosante"
"EDIN"|"échelle de douleur et d'inconfort du nouveau-né"
"EDM"|"épisode dépressif majeur"
"EDME"|"état de mal épileptique"
"EDRF"|"Endothelium-derived relaxing factor - facteur relaxant dérivé de l'endothélium"
"EdS"|"épisode de soin"
"EDTA"|"éthylène diamine tétraacétique"
"EE"|"épreuve d'effort, échoendoscopie"
"EEB"|"échoendoscopie basse"
"EEG"|"électroencéphalogramme"
"EEH"|"échoendoscopie haute"
"EEP"|"exploration électrophysiologique"
"EEPOCS"|"encéphalopathie épileptique avec pointe ondes continues du sommeil"
"EER"|"épuration extrarénale"
"EES"|"entrainement électrosystolique"
"EF"|"étude de faisabilité"
"EFH"|"exploration fonctionnelle hépatique"
"EFM"|"expérience aux frontières de la mort"
"EFR"|"épreuve fonctionnelle respiratoire"
"EFS"|"établissement français du sang, épiphysiolyse fémorale supérieure"
"EGH"|"ehrlichiose granulocytaire humaine"
"EGS"|"évaluation gériatrique standardisée"
"EH"|"encéphalopathie hépatique"
"EHC"|"expérience de sortie hors du corps"
"EHH"|"état hyperglycémique hyperosmolaire"
"EHNA"|"encéphalopathie hémorragique nécrosante aigüe"
"EHPAD"|"établissement d'hébergement pour personnes âgées dépendantes"
"EI"|"endocardite infectieuse, effet indésirable"
"EIC"|"espace intercostal"
"EIG"|"espace intercostal gauche, Événement indésirable grave"
"ELISA"|"enzyme-linked immunosorbent assay (dosage d'immunoadsorption par enzyme liée)"
"EMA"|"état de mal asthmatique, ehrlichiose monocytique animale"
"EME"|"état de mal épileptique, état de mort encéphalique"
"EMEA"|"équipe mobile pour enfants et adolescents"
"EMDR"|"eye movement desensitization and reprocessing (intégration neuro-émotionnelle par les mouvements oculaires)"
"EMG"|"électromyogramme"
"EMH"|"ehrlichiose monocytique humaine"
"EMI"|"expérience de mort imminente"
"EMN"|"eaux minérales naturelles"
"EMP"|"examen médical périodique"
"EMSP"|"équipe mobile en soins palliatifs"
"EMU"|"examen microscopique des urines"
"ENMG"|"électroneuromyogramme"
"ENPI"|"énurésie nocturne primaire isolée"
"EO"|"étude d'opportunité, emballage original (le plus petit)"
"EOG"|"électrooculographie"
"EOGD"|"endoscopie oesogastroduodénale"
"EOH"|"équipe opérationnelle d'hygiène hospitalière"
"EP"|"embolie pulmonaire, échange plasmatique, épanchement pleural, épithélium pigmentaire, érythème polymorphe"
"EPF"|"estimation du poids fœtal"
"EPI"|"équipement de protection individuelle"
"EPO"|"érythropoïétine"
"EPP"|"électrophorèse des protéines plasmatiques"
"EPR"|"electronic patient record (dossier patient électronique), état pauci-relationnel"
"EPS"|"électrophorèse des protéines sériques, examen parasitologique des selles, examen de prévention en santé"
"EPSM"|"établissement public de santé mentale."
"EPU"|"électrophorèse des protéines urinaires"
"EPV"|"espace périvitellin"
"ERC"|"essai randomisé contrôlé"
"ERCP"|"endoscopic retrograde cholangiopancreatography (cholangiopancréatographie rétrograde)"
"ERG"|"électrorétinographie"
"ERV"|"entérocoque résistant à la vancomycine"
"ESA"|"extrasystole auriculaire"
"ESAT"|"établissement et service d'aide par le travail"
"ESB"|"encéphalopathie spongiforme bovine, entérotoxine staphylococcique"
"ESM"|"effet stabilisant de membrane"
"ESP"|"muscles erector spinae (muscles érecteurs du rachis)"
"ESPT"|"état de stress post-traumatique"
"ESS"|"extrasystole supraventriculaire"
"ESST"|"encéphalopathie subaiguë spongiforme transmissible"
"EST"|"encéphalopathie spongiforme transmissible"
"ESV"|"extrasystole ventriculaire"
"ETCAF"|"ensemble des troubles causés par l'alcoolisation fœtale"
"EtCO2"|"end tidal CO2 (fraction expirée en CO2)"
"ETF"|"échographie transfontanellaire"
"ETO"|"échocardiographie transœsophagienne"
"ETP"|"éducation thérapeutique du patient"
"ETT"|"échocardiographie transthoracique"
"EVA"|"évaluation visuelle analogique, échelle visuelle analogique"
"EVC"|"état végétatif chronique"
"EVP"|"état végétatif persistant"
"F"|"femme, phénylalanine"
"FA"|"fibrillation atriale"
"FAM"|"foyer d'accueil médicalisé"
"FAN"|"facteur antinucléaire"
"FAP"|"fibrillation auriculaire paroxystique, fibres afférentes primaires"
"FAST"|"Focus Abdominal Sonography for Trauma"
"FAV"|"fistule artério-veineuse"
"FBM"|"fièvre boutonneuse méditerranéenne"
"FBP"|"fistule bronchopleurale"
"FC"|"fréquence cardiaque"
"FCP"|"fausse couche précoce"
"FCS"|"fausse couche spontanée"
"FCU"|"frottis cervico-utérin"
"FCV"|"frottis cervicovaginal"
"FD"|"facteur déclenchant"
"FdC"|"facteur de croissance"
"FdR"|"facteur de risque"
"FdRCV"|"facteur de risque cardiovasculaire"
"FE"|"fraction d'éjection"
"FESH"|"fracture extrémité supérieure humérale"
"FEVG,FEVD"|"fraction d'éjection du ventricule gauche ( droit)"
"FF"|"facteur favorisant"
"FFI"|"faisant fonction d'interne"
"FFE"|"faisant fonction d'externe"
"FFP"|"fresh frozen plasma (plasma frais congelé), filtering facepiece (masque de protection FFP)"
"FFR"|"fractional flow reserve (mesure de la réserve coronaire)"
"FGF"|"fibroblast growth factor (facteur de croissance des fibroblastes)"
"FH"|"flèche hépatique"
"FHV"|"fièvre hémorragique virale"
"FiO2"|"fraction inspirée en oxygène"
"FID"|"fosse iliaque droite"
"FIG"|"fosse iliaque gauche"
"FIP"|"Familial Interstitial Pneumonia (pneumonie interstitielle familiale)"
"FISH"|"Fluorescence in situ hybridization"
"FIV"|"fécondation in vitro, fibrinolyse intraveineuse."
"FIVETE"|"fécondation in vitro et transfert d'embryon"
"FK"|"fibrose kystique"
"FLC"|"facteur de libération de la corticotropine"
"FLU"|"fraction libre urinaire"
"FMC"|"formation médicale continue"
"FML"|"fibre musculaire lisse"
"FMT"|"fréquence maximale théorique"
"FMTC"|"familial medullary thyroïd carcinoma (cancer médullaire de la thyroïde familial)"
"FNAPSY"|"fédération nationale des associations d'usagers en psychiatrie"
"FNH"|"facteurs naturels d'hydratation"
"FO"|"fond d'œil, foramen ovale (trou de Botal), foyer occupationnel"
"FPI"|"fibrose pulmonaire idiopathique"
"FPPP"|"fermeture plan par plan"
"FOGD"|"fibroscopie œso-gastro-duodénale"
"FOP"|"foramen ovale perméable"
"FOSO"|"feuille d'ouverture de salle d'opération"
"FQAP"|"fluoroquinolones anti-pneumococciques"
"FR"|"facteur de risque, facteur rhumatoïde, fréquence respiratoire, fonction rénale"
"FRAA"|"formation réticulée activatrice ascendante"
"FSC"|"formule sanguine complète, fausse couche spontanée"
"FSE"|"feuille de soins électronique"
"FSH"|"follicle stimulating hormone (hormone folliculo-stimulante)"
"FSP"|"feuille de soins papier"
"FSR"|"flux sanguin rénal"
"FTL"|"fascia thoraco-lombaire"
"FV"|"fibrillation ventriculaire"
"Fx"|"fracture"
"G"|"guanine, glycine"
"G-CSF"|"facteur stimulant les colonies de granulocytes (Granulocyte colony-stimulating factor)"
"GxPx"|"gravida x para x ( x est un chiffre correspondant après le « G » au(x) nombre(s) de grossesses et le « P » le nombre d'accouchement(s) après 24 semaines. (G2P2 signifiant par exemple 2 grossesses ayant abouti à 2 accouchements)."
"GABA"| "acide γ-aminobutyrique ( gamma-aminobutyrique)"
"GAFA"|"glaucome aigu par fermeture de l'angle"
"GAJ"|"glycémie à jeun"
"GAMF"|"guichet d'accès aux médecins de famille"
"GB"|"globule blanc"
"GC"|"glucocorticoïdes"
"GCAO"|"glaucome chronique à angle ouvert"
"GCS"|"score de Glasgow"
"GDS"|"gaz du sang"
"GDSA"|"gaz du sang artériel"
"GEA"|"gastro-entérite aigüe"
"GEGC"|"granulome épithéliogigantocellulaire"
"GEI"|"gastro-entérite infantile"
"GEM"|"glomérulonéphrite extramembraneuse"
"GEU"|"grossesse extra-utérine"
"GFA"|"glaucome en fermeture d'angle"
"GGT"|"gamma-glutamyltranspeptidase"
"GH"|"growth hormone (hormone somatotrope)"
"GH-RH"|"GH-releasing hormone (hormone activatrice de l'hormone de croissance)"
"GHB"|"gamma-hydroxybutyrate, acide gamma-hydroxybutyrique (drogue du viol)"
"GHM"|"groupe homogène de malade"
"GHS"|"groupe homogène de séjour"
"GHU"|"groupe hospitalier universitaire"
"GIST"|"tumeur stromale gastro-intestinale"
"GIU"|"grossesse intra-utérine"
"GLI"|"grossesse de localisation indéterminée"
"GM-CSF"|"facteur stimulant les colonies de granulocytes et de macrophages (granulocyte macrophage colony-stimulating factor)"
"GMC"|"gammapathie monoclonale"
"GMF"|"groupe de médecine familiale"
"GMNT"|"goitre multinodulaire toxique"
"GMP"|"guanosine monophosphate"
"GN"|"glomérulonéphrite"
"GNA"|"glomérulonéphrite aigüe"
"GNAS"|"Guanine Nucleotide binding protein"
"GNEM"|"glomérulonéphrite extramembraneuse"
"GNMP"|"glomérulonéphrite membranoproliférative"
"GNRP"|"glomérulonéphrite rapidement progressive"
"GO"|"gynécologie obstétrique"
"GOS"|"glasgow outcome scale"
"GP"|"glycémie plasmatique"
"GPA"|"granulomatose avec polyangéite, gestation pour autrui"
"GPE"|"gastrostomie percutanée endoscopique"
"GPR"|"gastrostomie percutanée radiologique"
"GPS"|"gangrène périnéoscrotale"
"GR"|"globule rouge"
"GREC"|"« glace repos élévation contention »"
"GRP"|"Gastrin releasing peptide (bombésine)"
"GVH"|"graft versus host (réaction du greffon contre l'hôte)"
"GVM"|"grande valve mitrale"
"H"|"homme, histidine"
"HAA"|"hémoculture aéro-anaérobie"
"HAA"|"hépatite alcoolique aigüe"
"HAD"|"hospitalisation à domicile, hypertrophie atriale droite"
"HAS"|"Haute Autorité de santé"
"HAT"|"hystérectomie abdominale totale, histone acétyltransférase"
"Hb"|"hémoglobine"
"HbA1C"|"hémoglobine glyquée"
"HBAG"|"hémibloc antérieur gauche"
"HbO2"|"oxyhémoglobine"
"HBOT"|"hyperbaric Oxygen Therapy (médecine hyperbare)"
"HBP"|"hypertrophie bénigne de la prostate"
"HBPM"|"héparine de bas poids moléculaire"
"HBPG"|"hémibloc postérieur gauche"
"HC"|"hémoculture, hypochondre, hospitalisation complète, hypercalorique"
"HCG"|"human chorionic gonadotropin (hormone gonadotrophine chorionique)"
"HCP"|"hydrocéphalie"
"HCS"|"hyperplasie congénitale des surrénales"
"HCT"|"hématocrite, hydrochlorothiazide"
"HCQ"|"hydroxychloroquine"
"HD"|"hernie discale, hémorragie digestive, hippocratisme digital, hémodialyse"
"HDF"|"hémodiafiltration"
"HDJ"|"hôpital de jour"
"HDH"|"histoire de l'hospitalisation, hémorragie digestive haute"
"HDL"|"high density lipoprotein (lipoprotéine de haute densité)"
"HdM"|"histoire de la maladie"
"HDT"|"hospitalisation à la demande d'un tiers"
"HE"|"hyperéosinophilie, huile essentielle, coloration à l'hématoxyline et à l'éosine"
"HED"|"hématome extradural, hématome épidural"
"HELLP"|"hemolysis - elevated liver enzymes - low platelets (syndrome d'hémolyse-hépatocytolyse-thrombopénie)"
"HES"|"coloration à l'hématoxyline, éosine et safran"
"HFNC"|"High Flow Nasal Cannula (Oxygénothérapie nasale à haut débit ou optiflow)"
"HGE"|"hépatogastroentérologie"
"HGPO"|"hyperglycémie provoquée par voie orale"
"HGT"|"hémoglucotest"
"HH"|"histoire de l'hospitalisation, hémorragie"
"HHV"|"human herpesvirus"
"HIA"|"hémorragie intra-alvéolaire, hôpital d'instruction des armées"
"HIB"|"Haemophilus influenzae type B, hernie inguinale bilatérale"
"HIC"|"hypertension intracrânienne"
"HIDA"|"Hepatobiliary iminodiacetic acid (en) (scintigraphie hépatobiliaire avec acide iminodiacétique)"
"HIP"|"hémorragie intraparenchymateuse"
"HIS"|"hybridation in situ"
"HIV"|"human immunodeficiency virus (virus de l'immunodéficience humaine), hémorragie intravitréenne"
"HJ"|"hôpital de jour"
"HK"|"hypokinésie (maladie cardiaque)"
"HLA"|"human leucocyte antigen (antigène de leucocyte humain)"
"HLC"|"hyperleucocytose"
"HLH"|"hémianopsie latérale homonyme"
"HLM"|"hématies et leucocytes par minute"
"HLPNN"|"hyperleucocytose à polynucléaires neutrophiles"
"HM"|"hôpital militaire"
"HMA"|"histoire de la maladie actuelle"
"HMG"|"hépatomégalie"
"HMR"|"hématurie macroscopique récidivante"
"HNF"|"héparine non fractionnée, hyperplasie nodulaire focale"
"HNPCC"|"hereditary non-polyposis colorectal cancer (cancer colorectal héréditaire sans polypose)"
"HO"|"hospitalisation d'office, hospitalisé, hypotension orthostatique"
"Ho"|"homozygote"
"HP"|"hyperprotidique, hôpital psychiatrique"
"HPA"|"human platelet antigen"
"HPE"|"holoprosencéphalie"
"HpM"|"hépatomégalie"
"HpMg"|"hépatomégalie"
"HPN"|"hydrocéphalie à pression normale, hémoglobinurie paroxystique nocturne"
"HPP"|"hypertension pulmonaire primitive (renommée en HTAP), hémorragie du post-partum"
"HPRIM"|"Harmoniser et promouvoir l'informatique médicale"
"HPV"|"human papillomavirus (papillomavirus humain)"
"HRA"|"hyperréflexion autonome"
"HRB"|"hyperréactivité bronchique"
"HRP"|"hématomes rétropéritonéaux, hématome rétroplacentaire"
"HRT"|"hystérectomie radicale totale"
"HS"|"hypersensibilité, hora somni (avant le coucher)"
"HSA"|"hémorragie sous-arachnoïdienne"
"HSC"|"hypersensibilité sinocarotidienne, hystéroscopie"
"HSC-CB"|"hystéroscopie et curage biopsique"
"HSD"|"hématome sous-dural"
"HSDC"|"hématome sous-dural chronique"
"HSDE"|"hypersomnolence diurne excessive"
"HSF"|"hyalinose segmentaire et focale"
"HSG"|"hystérosalpingographie"
"HSH"|"homme ayant des rapports sexuels avec des hommes"
"HSHC"|"hémisuccinate d'hydrocortisone"
"HSMG"|"hépatosplénomégalie"
"HSV"|"herpes simplex virus"
"HTA"|"hypertension artérielle"
"hTAO"|"Hypotension orthostatique"
"HTAP"|"Hypertension artérielle pulmonaire"
"HTIC"|"hypertension intracrânienne"
"HTLV"|"Human T-lymphotropic virus (virus T-lymphotrope humain)"
"HTO"|"hypertension oculaire, hypotension orthostatique"
"HTP"|"hypertension portale"
"HU"|"hématurie, hauteur utérine"
"HVE"|"hyperventilation excessive"
"HVG"|"hypertrophie ventriculaire gauche"
"HVS"|"hypervascularisation artérielle systémique (pneumologie)"
"HX"|"histoire du patient"
"Hz"|"hétérozygote"
"I"|"inosine, isoleucine"
"IA"|"insuffisance aortique, intra-artériel"
"IAA"|"intoxication alcoolique aigüe"
"IAC"|"insémination artificielle avec sperme du conjoint"
"IAD"|"insémination artificielle avec don de sperme"
"IADE"|"infirmier(-ière) d'anesthésie diplômé(e) d'État"
"IADL"|"instrumental activities of daily living"
"IAH"|"index d'apnée-hypopnée"
"IAMI"|"insuffisance artérielle du membre inférieur"
"IAO"|"infirmier d'accueil et orientation (aux urgences), insuffisance aortique"
"IAT"|"ischémie aigüe transitoire"
"IBI"|"infection bactérienne invasive"
"IBODE"|"infirmier de bloc opératoire diplômé d'État"
"IBS"|"infection bactérienne septicémique"
"IC"|"insuffisance cardiaque, insuffisance coronaire, index cardiaque"
"ICALIN"|"indicateur composite des activités de lutte contre les infections nosocomiales"
"ICANS"|"Immune Effector Cell-Associated Neurotoxicity Syndrome"
"ICD"|"insensibilité congénitale à la douleur, insuffisance cardiaque droite"
"ICG"|"insuffisance cardiaque gauche, indocyanine green (vert d'indocyanine)"
"ICM"|"Institut du cerveau et de la moelle épinière"
"ICP"|"intervention coronarienne percutanée"
"ICR"|"ischémie cérébrale retardée"
"ICSA"|"insuffisance corticosurrénale aigüe"
"ICT"|"ischémie cérébrale transitoire, index cardiothoracique"
"ID"|"(in diem) pendant la journée (médicament), injection intradermique, immunodépression"
"IDE"|"infirmier diplômé d'État"
"IDG"|"infirmier de garde"
"IDL"|"intemediate-density lipoproteins"
"IDM"|"infarctus du myocarde"
"IDR"|"intradermoréaction"
"IDV"|"indinavir"
"IEA"|"intoxication ethylique aigüe"
"IEC"|"inhibiteur de l'enzyme de conversion"
"IECA"|"inhibiteur de l'enzyme de conversion de l'angiotensine"
"IEM"|"institut d'éducation motrice"
"IEPP"|"immuno-électrophorèse des protéines plasmatiques"
"IEPS"|"immuno-électrophorèse des protides sanguins"
"IEPU"|"immuno-électrophorèse des urines"
"IET"|"intubation endotrachéale"
"IFAS"|"institut de formation d'aide soignant"
"IFD"|"immunofluorescence directe"
"IFF"|"insomnie fatale familiale"
"IFI"|"immunofluorescence indirecte"
"IFMK"|"institut de formation en masso-kinésithérapie"
"IFSI"|"institut de formation en soins infirmier"
"IFT"|"impotence fonctionnelle totale"
"IG"|"index glycémique"
"Ig"|"immunoglobuline"
"IGF"|"insulin-like growth factor (somatomédine)"
"IGH"|"infection génitale haute"
"IHA"|"inhibition de l’hémagglutination"
"IHC"|"insuffisance hépatocellulaire, immunohistochimie"
"IHP"|"interne des hôpitaux de Paris (AIHP: ancien interne des hôpitaux de Paris)"
"IIA"|"invagination intestinale aigüe"
"IIU"|"insémination intra-utérine"
"IL"|"interleukine"
"ILA"|"infection du liquide d'ascite"
"ILC"|"cellule lymphoïde innée (innate lymphoid cells)"
"IM"|"insuffisance mitrale, injection intramusculaire, infarctus du myocarde"
"IMAO"|"inhibiteur de monoamine oxydase"
"IMC"|"infirmité motrice cérébrale, indice de masse corporelle"
"IME"|"institut médicoéducatif"
"IMF"|"infection materno-fœtale"
"IMG"|"interruption médicale de grossesse"
"IMNQ"|"infarctus du myocarde sans onde Q"
"IMPRO"|"institut médicoprofessionnel"
"IMQ"|"infarctus du myocarde avec onde Q"
"IMS"|"ischémie myocardique silencieuse"
"IMV"|"intoxication médicamenteuse volontaire"
"IN"|"infection nosocomiale"
"INBP"|"infection néonatale bactérienne précoce"
"INH"|"isoniazide"
"INR"|"international normalized ratio (rapport normalisé international)"
"InVS"|"Institut de veille sanitaire"
"IO"|"voie intraosseuse, infection opportuniste"
"IOA"|"infection ostéoarticulaire, infirmière organisatrice de l'accueil"
"IOP"|"insuffisance ovarienne prématurée"
"IORT"|"intraoperative radiation therapy (irradiation per-opératoire)"
"IOT"|"intubation orotrachéale"
"IP"|"index de pulsatilité (sonographie Doppler), injection intrapéritonéale, incontinentia pigmenti, information préoccupante"
"IPD"|"(articulation) interphalangienne distale, infection du pied diabétique"
"IPDE"|"infirmière puéricultrice diplômée d'état"
"IPDE5"|"inhibiteur de la phosphodiestérase type 5"
"IPe"|"insuffisance veineuse des perforantes, insuffisance pancréatique exocrine"
"IPOA"|"infection sur prothèse ostéoarticulaire"
"IPP"|"inhibiteur de la pompe à protons, (articulation) interphalangienne proximale"
"IPS"|"index de pression systolique, infirmier praticien spécialisé, infection potentiellement sévère"
"IPSN"|"institut pour la protection de la santé naturelle"
"IPSPL"|"infirmier praticien spécialisé en première ligne"
"IPSS"|"International prostate symptom score"
"IR"|"injection intrarachidienne, insuffisance rénale, institut de rééducation, insuffisance respiratoire"
"IRA"|"insuffisance rénale aigüe, insuffisance respiratoire aigüe"
"IRAF"|"insuffisance rénale aigüe fonctionnelle"
"IRC"|"insuffisance rénale chronique, insuffisance respiratoire chronique"
"IRCT"|"insuffisance rénale chronique terminale"
"IRFSS"|"institut régional de formation sanitaire et social (nouveau nom des IFSI)"
"IRM"|"imagerie par résonance magnétique"
"IRS"|"inhibiteur de la recapture de la sérotonine"
"IRSNA"|"inhibiteur de la recapture de la sérotonine et de la noradrénaline"
"IS"|"immunosuppression"
"ISA"|"insuffisance surrénale aigüe"
"ISL"|"insuffisance surrénale lente"
"ISLA"|"infection spontanée du liquide d'ascite"
"ISO"|"infection du site opératoire"
"ISR"|"isochores - symétriques et réactives (pupilles), insuffisance surrénalienne"
"ISRS"|"inhibiteur sélectif de la recapture de la sérotonine"
"IST"|"infection sexuellement transmissible"
"IT"|"insuffisance tricuspide"
"ITA"|"immunothérapie allergénique (désensibilisation)"
"ITEP"|"institut thérapeutique éducatif et pédagogique"
"ITG"|"interruption thérapeutique de grossesse"
"ITK"|"inhibiteur de tyrosine kinase"
"ITL"|"infection tuberculeuse latente"
"ITT"|"incapacité temporaire totale, intent to treat (intention de traiter)"
"IU"|"infection urinaire"
"IV"|"intraveineuse"
"IVA"|"artère interventriculaire antérieure (artère coronaire)"
"IVC"|"insuffisance veineuse chronique"
"IVD"|"insuffisance ventriculaire droite, intraveineuse directe"
"IVG"|"insuffisance ventriculaire gauche, interruption volontaire de grossesse"
"IVL"|"intraveineuse lente"
"IVM"|"intubation-ventilation mécanique"
"IVMI"|"insuffisance veineuse des membres inférieurs"
"IVP"|"interventriculaire postérieure (artère coronaire), insuffisance veineuse profonde"
"IVRS"|"infection des voies respiratoires supérieures"
"IVS"|"insuffisance veineuse superficielle"
"IVSE"|"intraveineuse avec seringue électrique"
"IVT"|"injection intravitréenne"
"JDE"|"jonction dermo-épidermique"
"JNM"|"jonction neuromusculaire"
"JUV"|"jonction urétéro-vésicale"
"K"|"cancer, carcinome, lysine, potassium"
"Ka"|"kaliémie"
"KBP"|"cancer bronchopulmonaire"
"KH"|"kyste hydatique, dans l'hydatidose"
"KOD"|"kyste de l'ovaire droite"
"KPS"|"kératite ponctuée superficielle"
"KS"|"kératose séborrhéique"
"KSC"|"kyste sacrococcygien"
"KT"|"cathéter"
"KTA"|"cathéter artériel"
"KTC"|"cathéter central"
"KTO"|"cathéter obturé"
"L"|"leucine"
"LA"|"liquide amniotique, leucémie aigüe, liquide d’ascite"
"LAD"|"lésions axonales diffuses"
"LADA"|"latent autoimmune diabetes in the adult (diabète de type 1 lent)"
"LAF"|"lampe à fente"
"LAGC"|"lymphome anaplasique à grandes cellules"
"LAL"|"leucémie aigüe lymphoblastique"
"LAM"|"leucémie aigüe myéloblastique, liquide amniotique méconial"
"LAM5"|"leucémie aigüe monoblastique (leucémie aigüe myéloblastique de type 5)"
"LAP"|"lésions anopérinéales, logiciel d'aide à la prescription, liste des actes et prestations"
"Lasik"|"laser in situ keratomileusis"
"LAST"|"local anesthesia systemic toxicity (toxicité systémique aux anesthésiques locaux)"
"LAT"|"limitation, arrêt thérapeutiques, liquide amniotique teinté"
"LB"|"lavement baryté, lithiase biliaire"
"LBA"|"lavage bronchoalvéolaire"
"LBDGC"|"lymphome B diffus à grandes cellules"
"LBNP"|"lower body negative pressure - pression négative des membres inférieurs"
"LC"|"leishmaniose cutanée"
"LCA"|"lecture critique d'article, ligament croisé antérieur, littoral cell angioma (angiome splénique à cellules littorales)"
"LCC"|"longueur craniocaudale"
"LCH"|"luxation congénitale de hanche"
"LCP"|"ligament croisé postérieur"
"LCR"|"liquide céphalorachidien"
"LCS"|"liquide cérébrospinal"
"LDC"|"levée de corps"
"LDGCB"|"lymphome diffus à grandes cellules B"
"LDH"|"lactate déshydrogénase"
"LDL"|"low density lipoprotein (lipoprotéine de basse densité)"
"LEAD"|"lupus érythémateux aigu disséminé"
"LEC"|"lithotritie extracorporelle"
"LED"|"lupus érythémateux disséminé"
"LEMP"|"leucoencéphalopathie multifocale progressive"
"LGC"|"logiciel de gestion de cabinet"
"LGL"|"leucémie à grands lymphocytes granuleux"
"LGM"|"lésions glomérulaires minimes"
"LGV"|"lymphogranulome vénérien"
"LH"|"luteinizing hormone (gonadostimuline)"
"LH-RH"|"luteinizing hormone releasing hormone (gonadolibérine)"
"LID"|"lobe inférieur droit"
"LIE"|"lymphocytose intraépithéliale"
"LIEBG"|"lésion intraépithéliale de bas grade"
"LIEHG"|"lésion intraépithéliale de haut grade"
"LIG"|"lobe inférieur gauche"
"LIN"|"lutte contre les infections nosocomiales"
"LISP"|"lits identifiés soins palliatifs"
"LLC"|"leucémie lymphoïde chronique"
"LMC"|"leucémie myéloïde chronique"
"LMD"|"lobe moyen droit (poumons)"
"LMG"|"lobe moyen gauche (poumons)"
"LNH"|"lymphome non hodgkinien"
"LMMC"|"leucémie myélomonocytaire chronique"
"LMMJ"|"leucémie myélomonocytaire juvénile"
"LMNH"|"lymphome malin non hodgkinien"
"LP"|"libération prolongée (médicament)"
"LR"|"solution de lactate de Ringer"
"LS"|"(repos ou maintien au) lit strict"
"LSD"|"lobe supérieur droit (poumons), diéthyllysergamide"
"LSE"|"(repos ou maintien au) lit strict élargi"
"LSG"|"lobe supérieur gauche (poumons)"
"LSR"|"liquide sous rétininen"
"LTC"|"lymphocyte T cytotoxique"
"LV"|"leishmaniose viscérale"
"LVA"|"libération des voies aériennes"
"M"|"méthionine"
"MA"|"maladie d'Alzheimer"
"MAA"|"maison des ainés et des aidants"
"MAB"|"maladie affective bipolaire"
"MADD"|"mixed anxiety–depressive disorder (en)"
"MAE"|"médicament anti-épileptique"
"MAF"|"mouvements actifs fœtaux"
"MAI"|"maladie auto-immune"
"MAIA"|"maison pour l'autonomie et l'intégration des malades d'Alzheimer"
"MALT"|"mucous associated lymphoid tissue (tissu lymphoïde associé aux muqueuses)"
"MAO"|"médecin d'accueil et d'orientation (aux urgences)"
"MAP"|"menace d'accouchement prématuré"
"MAPA"|"monitorage ambulatoire de la pression artérielle"
"MAS"|"maison d'accueil spécialisé."
"MAR"|"médecin anesthésiste-réanimateur"
"MAT"|"microangiopathie thrombotique"
"MAV"|"malformation artérioveineuse, mesure de l'acuité visuelle"
"MB"|"métabolisme basal"
"Mbb"|"membrane basale"
"MBG"|"membrane basale glomérulaire"
"MC"|"maladie coronarienne, maladie de Crohn"
"MCA"|"myélopathie cervicoarthrosique"
"MCAS"|"maladie cardiaque athérosclérotique"
"MCE"|"massage cardiaque externe"
"MCJ"|"maladie de Creutzfeldt-Jakob"
"MCO"|"médecine, chirurgie, gynécologie obstétrique"
"MCP"|"métacarpophalangienne, mélange de concentré plaquettaire"
"MCTM"|"maladie des calcifications tendineuses multiples"
"MCV"|"maladie cardiovasculaire"
"MD"|"médecin, du latin medicinae doctor signifiant docteur en médecine"
"MDH"|"maladie de Hodgkin"
"MDM"|"Médecins du monde"
"MDPH"|"maison départementale des personnes handicapées"
"ME"|"microscope électronique"
"MEC"|"matrice extracellulaire, mise en charge"
"MEI"|"moniteur ECG implantable"
"MELD"|"Model for End-Stage Liver Disease"
"MEOPA"|"mélange équimolaire d'oxygène et de protoxyde d'azote"
"MetHb"|"méthémoglobine"
"MF"|"médecin de famille"
"MFA"|"myélite flasque aigüe, mouvement fœtaux actifs"
"MFÉ"|"monitoring fœtal électronique"
"MFIU"|"mort fœtale in utero"
"MFM"|"Myofasciite à macrophages"
"MFP"|"myélofibrose primitive"
"MGG"|"coloration de May-Grünwald Giemsa"
"MGUS"|"gammapathie monoclonale de signification indéterminée"
"MHC"|"masque à haute concentration (masque d'oxygénothérapie)"
"MHD"|"mesures hygiénodiététiques"
"MI"|"myocardial infarction (infarctus du myocarde)"
"MIBI"|"méthoxy-isobutyl-isonitrile"
"MICI"|"maladies inflammatoires chroniques de l'intestin (comme la maladie de Crohn - la rectocolite hémorragique)"
"MID"|"membre inférieur droit, matelas immobilisateur à dépression."
"MIDD"|"Monoloclonal Immunolgobulin Deposition Disease maladie à dépôts d'immunoglobuline monoclonale"
"MIE"|"maladie infectieuse émergente"
"MIG"|"membre inférieur gauche"
"MIBG"|"méta-iodobenzylguanidine (utilisée en scintigraphie)"
"MII"|"maladie inflammatoire de l'intestin"
"MIN"|"mort inexpliquée du nourrisson"
"MIS"|"memory impairment screening"
"MIT"|"monoiodotyrosine"
"MIU"|"mort in utero"
"MLA"|"maculopathie liée à l'âge"
"MM"|"mélanome malin"
"MMH"|"maladie des membranes hyalines"
"MMR"|"mismatch repair"
"MMS"|"mini-mental state (test de dépistage des démences)"
"MNA"|"mini-nutritional assesment: évaluation de l'état nutritionnel"
"MNI"|"mononucléose infectieuse"
"MO"|"microscopie optique"
"Mô"|"morphine"
"MOCA"|"montreal cognitive assessment"
"MODY"|"maturity onset diabetes of the young"
"MP"|"maladie professionnelle"
"MPA"|"micropolyangéite"
"MPL-A"|"monophosphoryl-lipide A (adjuvant stimulant la réponse immunitaire)"
"MPOC"|"maladie pulmonaire obstructive chronique"
"MPS"|"mouvement périodique du sommeil"
"MRC"|"Medical Research Council, échelle d'évaluation d'une dyspnée"
"MROP"|"maladie reconnue d'origine professionnelle"
"MRSA"|"methicillin-resistant staphylococcus aureus (staphylococcus aureus résistant à la méticilline)"
"MRV"|"murmure respiratoire vésiculaire"
"MS"|"membre supérieur"
"MSD"|"membre supérieur droite"
"MSF"|"Médecins sans frontières"
"MSG"|"membre supérieur gauche"
"MSH"|"melanocyte-stimulating hormone (hormone mélanotrope)"
"MSM"|"méthyl-sulfonyl-méthane"
"MSN"|"mort subite du nourrisson"
"MSP"|"mise en situation professionnelle (étude d'infirmier)"
"MSI"|"instabilité des microsatellites"
"MST"|"maladie sexuellement transmissible"
"MT"|"médecin traitant"
"MTE"|"maladie thromboembolique, marge thérapeutique étroite"
"MTP"|"(articulation) métatarso-phalangienne"
"MTS"|"maladie transmissible sexuellement"
"MTX"|"méthotrexate"
"MU"|"médecin d'urgence"
"MV"|"murmure vésiculaire"
"MVAS"|"maladie vasculaire athérosclérotique"
"MVC"|"maladie veineuse chronique"
"MVE"|"maladie à virus Ebola"
"MVK"|"mévalonate kinase"
"MVO"|"maladie veino-occlusive"
"MVS"|"murmure vésiculaire symétrique, aide mécanique respiratoire (mechanical ventilatory support)"
"MW"|"maladie de Willebrand"
"Mx"|"médication"
"N"|"normal, asparagine"
"Nx"|"nausée"
"Na"|"natrémie"
"NAC"|"Acétylcystéine"
"NACO"|"nouveaux anticoagulants oraux"
"NAD"|"nombre d'articulations douloureuses"
"NAG"|"nombre d'articulations gonflées"
"NAS"|"néphroangiosclérose"
"NASH"|"non-alcoholic steatohepatitis"
"NC"|"nerf(s) crânien(s)"
"NCB"|"névralgie cervicobrachiale"
"NCT"|"National Clinical Trial"
"NDS"|"niveau de soins"
"NEDC"|"nutrition entérale à débit constant"
"NEM"|"néoplasie endocrinienne multiple"
"NET"|"nécrolyse épidermique toxique, neuroendocrine tumor"
"NF"|"neurofibromatose"
"NFS"|"numération formule sanguine"
"FNS"|"numération formule sanguine"
"NHA"|"niveau hydroaérique"
"NHB"|"nitrobleu de tétrazolium (utilisée dans le diagnostic de la granulomatose septique chronique)"
"NIA"|"néphrite interstitielle aiguë"
"NIC"|"néphropathie interstitielle chronique"
"NIS"|"symport Na/I"
"NK"|"natural killer (lymphocyte tueur naturel)"
"NLP"|"neuroleptiques"
"NLPC"|"néphrolithotomie percutanée"
"NM"|"neuromusculaire"
"NMDA"|"acide N-méthyl-D-aspartique"
"NMMBC"|"neuropathie motrice multifocale à blocs de conduction"
"NMO"|"neuromyélite optique"
"NNN"|"milieu Novy-McNeal-Nicolle"
"NOIA"|"neuropathie optique ischémique antérieure"
"NOIAA"|"neuropathie optique ischémique antérieure aigüe"
"NORB"|"névrite optique rétrobulbaire"
"NOVI"|"nombreuses victimes"
"NP"|"neuropscyhologique"
"NPO"|"à jeûn du latin nil per os signifiant « rien par la bouche »"
"NPS"|"ne pas substituer"
"NPS"|"Neuropsychomoteur"
"NRS"|"nourrisson"
"NS"|"normal salin (solution saline isotonique)"
"NSE"|"neuron specific enolase (Énolase 2 un marqueur tumoral)"
"NSIP"|"non-specific interstitial pneumonia (pneumonie non specifique interstitielle (en))"
"NSU"|"négligence spatiale unilatérale"
"NTA"|"nécrose tubulaire aigüe"
"NTIA"|"néphrite tubulo-interstitielle aigüe"
"NV"|"nausées/vomissements"
"NVCI"|"nausées/vomissements chimioinduit"
"NYHA"|"critères de la NYHA (New York Heart Association) dans l'insuffisance cardiaque"
"O"|"pyrrolysine"
"O2T"|"oxygénothérapie"
"OAD"|"one a day (une fois par jour), (artère sur une vue) oblique antérieure droite"
"OAP"|"œdème aigu du poumon"
"OACR"|"occlusion de l'artère centrale de la rétine"
"OAT"|"oligoasthénotératospermie"
"OBACR"|"occlusion d'une branche de l'artère centrale de la rétine"
"OBVCR"|"occlusion d'une branche veineuse rétinienne"
"OCT"|"optical coherence tomography (tomographie en cohérence optique)"
"OD"|"ocula dexter (œil droit), oreillette droite, orientation diagnostique"
"ODF"|"orthopédie dentofaciale"
"ODM"|"ostéodensitométrie"
"OG"|"œil gauche, oreillette gauche"
"OGD"|"œsogastroduodénoscopie"
"OGE"|"organes génitaux externes (voir appareil reproducteur)"
"OH"|"orifice herniaire, alcoolisé"
"OHB"|"oxygénothérapie hyperbare"
"OIA"|"occlusion intestinale aigüe"
"OIN"|"ophtalmoplégie internucléaire"
"OLI"|"organe lymphoïde primaire"
"OLII"|"organe lymphoïde secondaire"
"OLD"|"oxygénation longue durée"
"OMA"|"otite moyenne aigüe"
"OMC"|"œdème maculaire cystoïde"
"OMI"|"œdème des membres inférieurs"
"OMPK"|"syndrome des ovaires polykystiques"
"OMS"|"Organisation mondiale de la santé"
"ONA"|"ostéonécrose aseptique"
"ONB"|"oxygénothérapie normobare"
"ONIAM"|"Office national d'indemnisation des accidents médicaux"
"ONN"|"occlusion néonatale"
"OP"|"œstroprogestatif, œdème papillaire"
"OPH"|"œdème pulmonaire hémodynamique, Ostéochondrite primitive de la hanche (aussi appelée Maladie de Legg-Calvé-Perthes)"
"OPHA"|"œdème pulmonaire de haute altitude"
"OPP"|"ordonnance de placement provisoire"
"OPS"|"orange palpebral spots"
"OPT"|"orthopantomogramme"
"ORL"|"otorhinolaryngologie"
"ORN"|"ostéoradionécrose"
"OS"|"ocula sinister (œil gauche)"
"OU"|"oculus uterque (les deux yeux)"
"OVCR"|"occlusion de la veine centrale de la rétine"
"OX3"|"orienté dans les trois sphères"
"p"|"bras court d'un chromosome (génétique)"
"P"|"proline"
"PA"|"pression artérielle, personne âgée, pancréatite aigüe, potentiel d'action, prostatite aigüe, principe actif, phosphatases alcalines, paquet-année"
"PAA"|"poliomyélite aigüe antérieure"
"PAAP"|"polyneuropathie axonale ascendante progressive"
"PAB"|"préposé aux bénéficiaires"
"PAC"|"praticien associé contractuel, pontage aorto-coronarien, port-a-cath, pneumopathie aigüe communautaire"
"PACAP"|"pituitary adenylate cycle-activating peptide"
"PACC"|"polyaneuploid cancer cell"
"PaCO2"|"pression artérielle partielle en dioxyde de carbone"
"PACS"|"picture archiving and communication system"
"PAD"|"pression artérielle diastolique"
"PAF"|"polypose adénomateuse familiale, platelet activating factor (facteur d'activation plaquettaire)"
"PAG"|"periaqueductal gray (substance grise périaqueducale), péritonite aiguë généralisée, Petit pour l'Âge Gestationnel"
"PAI"|"projet d'accueil individualisé"
"PAL"|"phosphatase alcaline"
"PAM"|"pression artérielle moyenne, polyangéite microscopique, plaque aréolomamelonnaire, modulation d'impulsions en amplitude"
"PAN"|"périartérite noueuse"
"PaO2"|"pression artérielle partielle en oxygène"
"PAPO"|"pression artérielle pulmonaire d'occlusion"
"PAR"|"polyarthrite rhumatoïde (utilisé au Canada français)"
"PAS"|"pression artérielle systolique"
"PAS"|"(Periodic Acid Schiff) coloration utilisée en histologie"
"PASA"|"pôle d'activité de soins adaptés"
"PASS"|"permanences d'accès aux soins de santé"
"PASI"|"psoriasis area severity index"
"PAVM"|"pneumopathie acquise sous ventilation mécanique"
"PBH"|"ponction biopsie hépatique"
"PBJ"|"protéinurie de Bence-Jones"
"PBR"|"ponction biopsie rénale"
"PBS"|"péritonite bactérienne spontanée"
"PC"|"périmètre crânien, post cibum (après les repas ou postprandial), perte de connaissance, pronostic, personne de confiance"
"PCA"|"polychondrite chronique atrophiante, patient-controlled analgesia (analgésie contrôlée par le patient), canal artériel ""persistant"
"PCEM"|"premier cycle des études médicales"
"PCI"|"prévention contre les infections, perte de conscience initiale (dans un contexte de traumatisme crânien)"
"PCC"|"pancréatite chronique calcifiante"
"PCE"|"polyarthrite chronique évolutive"
"PCM"|"pâleur cutanéomuqueuse"
"PCN"|"périmètre crânien de naissance"
"PCP"|"pression capillaire pulmonaire"
"PCR"|"polymerase chain-reaction (réaction en chaîne par polymérase), ponction céphalorachidienne"
"PCT"|"procalcitonine, pli cutané tricipital"
"PD"|"péridurale"
"PDA"|"préparation des doses à administrer"
"PDAI"|"perineal disease activity index, pemphigus disease activity index"
"PDC"|"perte de connaissance, produit de contraste, personne de confiance"
"PDF"|"produit de dégradation de la fibrine"
"PDGF"|"platelet-derived growth factor (facteur de croissance des plaquettes)"
"PDL"|"produit dose x longueur en radiologie"
"PDP"|"prélèvement distal protégé"
"PE"|"prééclampsie, porte d'entrée"
"PEA"|"potentiel évoqué auditif, Palmitoyléthanolamide"
"PEAG"|"pustulose exanthématique aiguë généralisée"
"PEAI"|"polyendocrinopathie auto-immune"
"PEC"|"prise en charge"
"PEEP"|"positive end-expiratory pressure"
"PEG"|"polyéthylène glycol"
"PEIC"|"processus expansif intracrânien"
"PEP"|"pression expiratoire positive (Voir PEEP)"
"PEPS"|"prescription d’exercice physique pour la santé"
"PERL"|"pupilles égales et réactives à la lumière"
"PERLA"|"pupilles et réactives à la lumière ainsi qu'à l'accommodation"
"PESS"|"panencéphalite sclérosante subaiguë"
"PEV"|"pyélographie endoveineuse, potentiels évoqués visuels"
"PF"|"paralysie faciale"
"PFC"|"plasma frais congelé, paralysie faciale centrale"
"PFE"|"poids fœtal estimé"
"PFG"|"paralysie faciale gauche"
"PFIC"|"Progressive Intrahepatic Familial Cholestasis (cholestase intrahépatique familale progressive)"
"PFLA"|"pneumonie franche lobaire aiguë"
"PFP"|"paralysie faciale périphérique"
"PG"|"prostaglandine"
"PH"|"praticien hospitalier, phéochromocytome, potentiel hydrogène (pH)"
"PHC"|"psychose hallucinatoire chronique"
"PHS"|"pneumopathie d'hypersensibilité"
"PHT"|"Pressure Half-Time (temps de demi-croissance de l'onde)"
"PIC"|"pression intracrânienne, pneumopathie interstitielle commune"
"Pic" "| pic de vélosité"
"PID"|"pneumopathie interstitielle diffuse"
"PIF"|"Prolactin Inhibitory Factor (dopamine)"
"PINS"|"pneumopathie interstitielle non spécifique"
"PIO"|"pression intraoculaire"
"PISA"|"proximal isovelocity surface area"
"PKD"|"polykystose rénale autosomique dominante ( ADPKD autosomal dominant polycystic kidney disease)"
"PKE"|"phacoémulsification"
"PL"|"ponction lombaire, pertes liquides, phospholipides, péroniers latéraux"
"PLA"|"ponction liquide amniotique (amniocentèse)"
"PLD"|"polycystic liver disease (maladie polykystique du foie)"
"PLIF"|"Posterior Lumbar Interbody Fusion (arthrodèse intersomatique lombaire par voie postérieure)"
"PLP"|"protéines de liaison aux pénicillines"
"PLS"|"position latérale de sécurité"
"PM"|"pacemaker (stimulateur cardiaque), prémédication, psychomoteur, panniculite mésentérique"
"PMI"|"Protection maternelle et infantile"
"PMA"|"procréation médicalement assistée"
"PMAD"|"programme de maintien à domicile"
"PMD"|"psychose maniaco-dépressive (appelée dorénavant trouble bipolaire)"
"PMO"|"prélèvements multi-organes"
"PMP"|"pacemaker permanent"
"PMR"|"polymyalgie rhumatoïde, personne à mobilité réduite"
"PMSA"|"prescription médicamenteuse chez le sujet agé"
"PMSI"|"programme de médicalisation des systèmes d'information"
"PN"|"polynucléaire, poids de naissance"
"PNA"|"pyélonéphrite aigüe"
"PNB"|"polynucléaire basophile"
"PNC"|"pénicilline"
"PNE"|"polynucléaire éosinophile"
"PNI"|"pression artérielle non invasive"
"PNN"|"polynucléaire neutrophile"
"PNO"|"pneumothorax"
"PNP"|"pneumopathie, polyneuropathie, pneumopéritoine"
"po"|"per os (administration de médicaments, de nourriture par voie orale)"
"POEMS"|"polyneuropathie (P) une organomégalie (O) une endocrinopathie (E) une gammapathie monoclonale (M) et des lésions cutanées (S skin) dans le cadre d'un myélome multiple"
"POIC"|"pseudo-obstruction intestinale chronique"
"POM"|"paralysie du nerf oculomoteur"
"POMC"|"proopiomélanocortine"
"PP"|"placenta praevia, pression de perfusion, pression pulsée, pneumopéritoine"
"PPAC"|"programme personnalisé de l'après-cancer"
"PPC"|"pression de perfusion cérébrale, pression positive continue"
"PPD"|"Purified Protein Derivative (test Mantoux)"
"PPE"|"prophylaxie post-exposition"
"PPO"|"prélèvement per-opératoire"
"PPR"|"pseudo-polyarthrite rhizomélique, photocoagulation panrétinienne"
"PPROM"|"rupture prématurée des membranes (preterm premature rupture of membranes)"
"PPRST"|"poumon prostate rein sein thyroïde (localisation de cancers ostéophiles)"
"PPS"|"programme personnalisé de soins"
"PPSB"|"Prothrombin-Proconvertin-Stuart factor B (facteur antihémophilique B une protéine plasmatique)"
"PPVG"|"paroi postérieure du ventricule gauche"
"PQ"|"plaquettes"
"PR"|"prélèvement rectal, premières règles, punch rénal (en), intervalle PR, polyarthrite rhumatoïde (ou PCE), paralysie récurrentielle, prostatectomie radicale"
"PRADO"|"programme d'accompagnement du retour à domicile"
"PRES"|"posterior reversible encephalopathy syndrome (en)"
"PRI"|"protéines de la réaction inflammatoire"
"PRL"|"prolactine"
"PRN"|"pro re nata (en) (« au besoin »), polyradiculonévrite Ce lien renvoie vers une page d'homonymie"
"PrP"|"prion proteine"
"PS"|"pertes sanguines"
"PSA"|"prostatic specific antigen (antigène prostatique spécifique), plaque simple de l'abdomen (voir radiographie), pseudarthrose, périmétrie tatique automatisée"
"PSDP"|"pneumocoque de sensibilité diminuée à la pénicilline"
"PSE"|"pousse-seringue électrique"
"PSF"|"pleurésie sérofibrineuse"
"PSH"|"périarthrite scapulohumérale"
"PSL"|"produit sanguin labile"
"PSP"|"paralysie supranucléaire progressive, PNO spontané primaire"
"PSS"|"PNO spontané secondaire"
"PTC"|"post-tetanic count"
"PTE"|"prothèse totale de l'épaule, plateau tibial externe"
"PTG"|"prothèse totale de genou"
"PTH"|"parathyroïd hormone (parathormone), prothèse totale de hanche"
"PTHrp"|"parathyroïd hormone related peptide"
"PTHS"|"syndrome de Pitt Hopkins"
"PTI"|"purpura thrombopénique immunologique"
"PTAI"|"purpura thrombopénique auto-immun"
"PTLD"|"Post-Transplant Lymphoproliferative Disease "
"PTT"|"purpura thrombotique thrombocytopénique"
"PTU"|"Propylthiouracile"
"PTV"|"potentiels tardifs ventriculaires"
"PTX"|"pneumothorax"
"PU"|"praticien universitaire, protéinurie"
"PU-PH"|"professeur des universités – praticien hospitalier"
"PV"|"prélèvement vaginal, polyglobulie de Vaquez"
"PVC"|"pression veineuse centrale"
"PVE"|"Paludisme viscéral évolutif"
"PVM"|"petite valve mitrale"
"PXE"|"pseudoxanthome élastique"
"q"|"bras long d'un chromosome"
"Q"|"glutamine"
"QD"|"quaque die (chaque jour pour une prise de médicament)"
"QI"|"quotient intellectuel"
"QID"|"quatro in die (quatre fois par jour)"
"QRS"|"complexe QRS"
"QS"|"question spécifique"
"QSOFA"|"Quick Sepsis-related Organ Failure Assessment"
"QSP"|"quantité suffisante pour"
"QT"|"segment QT"
"RA"|"rétrécissement aortique, rachi-anesthésie, réserves alcalines (HCO3-), rebond d'adiposité"
"RAA"|"rhumatisme articulaire aigu"
"RAC"|"rétrécissement aortique calcifié"
"RACH"|"récepteur d'acétylcholine"
"RACS"|"retour à une activité circulatoire spontanée"
"RAD"|"retour à domicile"
"RAI"|"recherche d'anticorps irréguliers"
"RAISIN"|"réseau d’alerte d’investigation et de surveillance des infections nosocomiales"
"RAM"|"rupture artificielle des membranes, rééducation à la marche (médecine physique et de réadaptation)"
"RAo"|"rétrécissement aortique"
"RAP"|"résistance artérielle pulmonaire"
"RAST"|"radioallergosorbant test (dosage radio immunologique des IgE spécifiques d’un allergène)"
"RAT"|"retour au travail"
"RAU"|"rétention aiguë d'urine"
"RB"|"rétinopathie diabétique"
"RBF"|"régulier bien frappé"
"RBNP"|"rétinopathie diabétique non proliférante"
"RBP"|"rétinopathie diabétique proliférante"
"RBPP"|"rétinopathie diabétique préproliférante"
"RC"|"rétablissement de la continuité"
"RCA"|"réflexe cutané abdominal"
"RCC"|"radiochimiothérapie concomitante"
"RCF"|"rythme cardiaque fœtal"
"RCH"|"rectocolite hémorragique"
"RCIU"|"retard de croissance intra-utérin"
"RCM"|"rubéole congénitale malformative"
"RCMD"|"refractory cytopenia with multilineage dysplasia (cytopénie réfractaire avec dysplasie multilignée) un type de syndrome myélodysplasique"
"RCP"|"résumé des caractéristiques du produit, réanimation cardiopulmonaire, réunion de concertation pluridisciplinaire, réflexe cutané lantaire"
"RCR"|"réanimation cardiorespiratoire, rythme cardiaque régulier"
"RCT"|"randomized controlled trial (essai randomisé contrôlé)"
"RCUH"|"rectocolique ulcérohémorragique"
"RD"|"rétinopathie diabétique"
"RDNP"|"rétinopathie diabétique non proliférante"
"RDP"|"rétinopathie diabétique proliférante"
"RDPM"|"retard du développement psychomoteur"
"RDS"|"revue des systèmes"
"Remera"|"Registre des malformations en Rhône-Alpes"
"REV"|"résection endoscopique de vessie"
"RGO"|"reflux gastro-œsophagien"
"Rh"|"rhésus"
"RH"|"restriction hydrique"
"RHD"|"règles hygiénodiététiques"
"RHJ"|"reflux hépato-jugulaire"
"RHS"|"rétention hydrosodée"
"RIC"|"rhumatismes chroniques inflammatoires"
"RIN"|"réentrée intranodale"
"RIPH"|"recherche impliquant la personne humaine"
"RIVA"|"rythme idioventriculaire accéléré"
"RM"|"rétrécissement mitral"
"RMM"|"revue de mortalité et de morbidité"
"RMN"|"résonance magnétique nucléaire"
"RMO"|"référence médicale opposable"
"RMS"|"réaction médicamenteuse secondaire"
"ROFI"|"réduction ouverte avec fixation interne"
"ROH"|"alcool"
"RoP"|"retinopathy of prematurity (rétinopathie du prématuré)"
"ROR"|"rougeole-oreillons-rubéole"
"RoRx"|"radiothérapie"
"ROS"|"reactive oxygen species (dérivé réactif de l'oxygène)"
"ROT"|"réflexe ostéotendineux"
"RP"|"radiographie pulmonaire"
"RPCA"|"résistance à la protéine C activée"
"RPM"|"rupture prématurée des membranes, réflexe photomoteur , retard psychomoteur, résidu post-mictionnel"
"RPS"|"muscle releveur (élévateur) de la paupière supérieure"
"RPT"|"résistance pulmonaire totale"
"RPTG"|"reprise de prothèse totale du genou"
"RPTH"|"reprise de prothèse totale de hanche"
"RQTH"|"reconnaissance de la qualité de travailleur handicapé"
"RR"|"risque relatif"
"RRS"|"rythme régulier sinusal, résumé de sortie standardisé"
"RS"|"rythme sinusal, rapport sexuel"
"RS3PE"|"Remitting seronegative symmetrical synovitis with pitting edema"
"RSA"|"résumé de sortie anonyme"
"RSOSi"|"recherche de sang occulte dans les selles"
"RSN"|"rythme sinusal normal"
"RSP"|"Retard staturopondéral"
"RSS"|"régime sans sel, résumé standardisé de sortie"
"RT"|"reverse transcription (transcription inverse), radiothérapie"
"RTA"|"rupture traumatique de l'aorte"
"RTB"|"rupture trachéobronchique"
"rT3"|"reverse triiodothyronine (3 - 3' - 5' -Triiodothyronine)"
"rTMS"|"stimulation magnétique transcrânienne"
"rTPA"|"activateur tissulaire du plasminogène (t-PA)"
"RTU"|"recommandations temporaires d'utilisation"
"RTUP"|"résection transurétrale de prostate"
"RTUV"|"résection transurétrale de vessie"
"RU"|"révision utérine"
"RUM"|"résumé d'unité médicale"
"RVA"|"remplacement de valve aortique,rétention vésicale aiguë , Résistance des Voies Aériennes Supérieures"
"RVG"|"artère rétroventriculaire gauche"
"RVM"|"remplacement valvulaire mitral"
"RVP"|"résistance vasculaire pulmonaire"
"RVPA"|"retour veineux pulmonaire anormal"
"RVS"|"résistance vasculaire systémique"
"RVU"|"rachitisme vitamino-résistant, reflux vésico-urétéral"
"Rx"|"prescription"
"RX"|"radiographie, rayons X"
"RxT"|"radiographie du thorax"
"S"|"sérine"
"SA"|"semaines d'aménorrhée, soins ambulatoires, syndrome d'Asperger"
"SAA"|"protéine sérum amyloïde A"
"SAAAIS"|"services d'aide à l'acquisition de l'autonomie et à l'intégration scolaire"
"SAD"|"sonde à demeure, soins à domicile, syndrome anxiodépressif"
"SADM"|"systèmes d'aide à la décision médicale"
"SAF"|"syndrome d'alcoolisation fœtale"
"SAFEP"|"services d'accompagnement familial et d'éducation précoce"
"SAG"|"sous anesthésie générale, symptômes d'allure grippale"
"SAHS"|"syndrome d'apnées/hypopnée du sommeil"
"SAHOS"|"syndrome des apnées et hypopnées obstructives du sommeil"
"SAM"|"syndrome d'activation macrophagique, mouvement systolique antérieur"
"SAMSAH"|"service d'accompagnement médico-social pour adultes handicapés"
"SAMU"|"service d'aide médicale urgente"
"SaO2"|"saturation artérielle en oxygène"
"SAOS"|"syndrome des apnées obstructives du sommeil"
"SAP"|"protéine sérum amyloïde P, seringue auto-pousseuse"
"SAPL"|"syndrome des antiphospholipides"
"SAR"|"sténose de l'artère rénale"
"SARM"|"staphylococcus aureus résistant à la méticilline"
"SARV"|"Staphylococcus aureus résistant à la vancomycine"
"SAS"|"syndrome d'apnées du sommeil, sténose aortique serrée"
"SASM"|"Staphylococcus aureus sensible à la méticilline"
"SAT"|"sérologie anti-tétanique"
"SAU"|"service d'accueil des urgences"
"SAVS"|"service d'accompagnement à la vie sociale"
"SBAU"|"symptômes du bas appareil urinaire"
"SBHGA"|"streptocoque bêta-hémolytique du groupe A"
"SBI"|"syndrome biologique inflammatoire"
"SBS"|"syndrome du bébé secoué"
"SBT"|"surface brûlée totale"
"SC"|"sous-cutanée, surface corporelle"
"SCA"|"syndrome coronarien aigu (moins usité)"
"SCAPL"|"syndrome catastrophique des antiphospholipides"
"SCB"|"surface corporelle brûlée"
"SCI"|"syndrome du côlon irritable"
"SCID"|"severe combined immunodeficiency (déficit immunitaire combiné sévère)"
"SCM"|"(muscle) sterno-cléido-mastoïdien"
"SCN"|"staphylocoque à coagulase négative, noyau suprachiasmatique"
"SCPD"|"symptômes comportementaux et psychologiques de la démence"
"SCI"|"syndrome cave inférieur"
"SCS"|"syndrome cave supérieur"
"SDE"|"somnolence diurne excessive"
"SDHEA"|"sulfate de déhydroépiandrostérone (précurseur androgénique dosé en cas d'hyperandrogénisme (SOPK))"
"SDL"|"signe de lutte"
"SDMV"|"syndrome de défaillance multiviscérale"
"SDN"|"salle de naissance"
"SDRA"|"syndrome de détresse respiratoire aiguë (ou « de l'adulte »)"
"SDRC"|"syndrome douloureux régional complexe"
"SE"|"seringue électrique"
"SEES"|"sonde d'entraînement électrosystolique"
"SEGP"|"syndrome d'excitation génitale persistante"
"SEIPA"|"syndrome d'entérocolite induite par les protéines alimentaires"
"SEP"|"sclérose en plaques"
"SERM"|"modulateurs sélectifs des récepteurs aux estrogènes"
"SESSAD"|"services d'éducation spéciale et de soins à domicile"
"SF"|"sage-femme"
"SFA"|"souffrance fœtale aigüe"
"SFC"|"syndrome de fatigue chronique"
"SFU"|"signes fonctionnels urinaires"
"SGA"|"streptocoque du groupe A"
"SGB"|"syndrome de Guillain-Barré, streptocoque du groupe B"
"SGO"|"surface de l'oreillette (auriculaire) gauche"
"SGSS"|"syndrome de Gerstmann-Sträussler-Scheinker"
"SHA"|"solution hydroalcoolique, syndrome hémorragique alvéolaire"
"SHU"|"syndrome hémolytique et urémique, service hospitalo-universitaire"
"SI"|"sacro-iliaque"
"SIADH"|"syndrome de sécrétion inappropriée d'hormone anti-diurétique"
"SIAT"|"service d'information sur les adaptations techniques (de la Ligue Braille)"
"SIB"|"syndrome inflammatoire biologique"
"SID"|"semel in die (une fois par jour pour les médicaments)"
"SIDA"|"syndrome d'immunodéficience acquise"
"SIH"|"système d'information hospitalier"
"SII"|"syndrome de l'intestin irritable"
"SIO"|"sphincter inférieur de l'œsophage"
"SIR"|"système d'information de radiologie"
"SIRS"|"syndrome de réponse inflammatoire systémique"
"SISU"|"service d'intervention psychosociale urgente"
"SIV"|"septum interventriculaire"
"SJSR"|"syndrome des jambes sans repos"
"SLA"|"sclérose latérale amyotrophique"
"SLD"|"soins de longue durée"
"SLG"|"syndrome de Lennox-Gastaut"
"SLP"|"syndrome lymphoprolifératif"
"SM"|"saignement"
"SMA"|"service médical d'accueil"
"SMC"|"splénomégalie myéloïde chronique"
"SMD"|"syndrome myélodysplasique"
"SMG"|"splénomégalie"
"SMP"|"syndrome myéloprolifératif"
"SMPR"|"service médico-psychologique régional"
"SMR"|"service médical rendu"
"SMS"|"sciences médicosociales, somatostatine"
"SMT"|"stimulation magnétique transcrânienne"
"SMUR"|"service médical d'urgence et de réanimation"
"SMX"|"sulfaméthoxazole"
"SN"|"syndrome néphrotique"
"SNA"|"système nerveux autonome"
"SNC"|"système nerveux central"
"SNDS"|"système national des données de santé"
"SNG"|"sonde naso-gastrique"
"SNIIRAM"|"système national d'information inter-régimes de l'Assurance Maladie"
"SNM"|"syndrome neuroleptique malin"
"SNP"|"soins non programmés, système nerveux périphérique"
"SNS"|"système nerveux sympathique"
"SNV"|"système nerveux végétatif"
"SOB"|"salpingo-ovariectomie bilatérale"
"SOFA"|"Sepsis-related Organ Failure Assessment"
"SOH"|"syndrome d'obésité et hypoventilation"
"SOP"|"soins operatoire, syndrome ovarien polykystique"
"SOPK"|"syndrome des ovaires polykystiques"
"SOR"|"surface de l'orifice régurgitant"
"SOS"|"syndrome d’obstruction sinusoïdale"
"SOS"|"stimulation ovarienne simple"
"S/P"| "Status post (état après)"
"SPA"|"spondylarthrite ankylosante"
"SPDRE"|"soins psychiatriques à la demande du représentant de l'État"
"SPDT"|"soins psychiatriques à la demande d'un tiers"
"SPE"|"sciatique poplité externe"
"SPHP"|"syndrome post hallucinatoire persistant"
"SPL"|"soins psychiatriques libres"
"SPPI"|"soins psychiatriques péril imminent"
"SPI"|"sciatique poplité interne"
"SPM"|"syndrome prémenstruel"
"SPMG"|"splénomégalie"
"SpO2"|"saturation pulsée en oxygène (Oxymétrie colorimétrique)"
"SPP"|"staphylococcie pleuropulmonaire"
"SPUPD"|"syndrome polyuro-polydipsique"
"SRAA"|"système rénine-angiotensine-aldostérone"
"SRAS"|"syndrome respiratoire aigu sévère"
"SRIS"|"syndrome de réponse inflammatoire systémique"
"SRO"|"solutés de réhydratation orale"
"SS"|"souffle systolique"
"SSEFIS"|"services de soutien à l'éducation familiale et à l'intégration scolaire"
"SSI"|"sérum salé isotonique"
"SSIAD"|"service de soins infirmiers à domicile"
"SSPI"|"salle de surveillance post-interventionnelle"
"SSPO"|"salle de surveillance post-opératoire"
"SSR"|"soins de suite et de réadaptation"
"SSS"|"sinus sagittal supérieur"
"STAT"|"urgent de l'adverbe temporel latin statim"
"Sti VD"|"stimulation ventriculaire droite programmée"
"STOVAS"|"syndrome de toux d’origine des voies aériennes supérieures"
"SU"|"salle d'urgence"
"SUD"|"sonde urinaire à demeure"
"SUG"|"sillon urogénital"
"SUV"|"standardized uptake value (valeur de fixation normalisée)"
"SV"|"sonde vésicale"
"SVCR"|"syndrome de vasoconstriction cérébrale réversible"
"SX"|"symptômes, signes"
"T"|"thymine, thréonine, testostérone, thymus"
"T0"|"thyronine"
"T1"|"3'-Monoiodothyronine"
"T2"|"3,3'-Diiodothyronine"
"T2A"|"tarification à l'activité"
"T21"|"trisomie 21"
"FT3"|"triiodothyronine"
"FT4"|"thyroxine"
"TA"|"tension artérielle, tentative d'autolyse, trou anionique, température ambiante, tissu adipeux"
"TAAN"|"test d'amplification des acides nucléiques (réaction en chaîne par polymérase)"
"TAC"|"Trouble d'accumulation compulsive"
"TAC"|"traitement anticoagulant"
"TABC"|"tronc artériel brachio-céphalique"
"TAC/A"|"tachyarythmie complète par fibrillation atriale (= auriculaire)"
"TACO"|"Transfusion associated circulatory overload (en)"
"TAF"|"tachycardie atriale focale"
"TAG"|"troubles anxieux généralisés"
"TAP"|"thoraco-abdomino-pelvien"
"TAS"|"tension artérielle systolique"
"TAVI"|"implantation transcatheter d'une valve aortique"
"TB"|"tuberculose, trouble"
"TBG"|"thyroxine-binding globulin (Globuline liant la thyroxine)"
"TBO"|"tumeur borderline ovarienne"
"TC"|"traumatisme crânien, tissu conjonctif, tronc cérébral"
"TCA"|"trouble du comportement alimentaire, temps de céphaline activée"
"TCC"|"traumatisme craniocérébral, thérapie comportementale et cognitive, trouble de la conduite et du comportement"
"TCCL"|"traumatisme craniocérébral léger"
"TCCNA"|"traumatisme craniocérébral non accidentel"
"TCG"|"troubles crâniens graves"
"TCK"|"temps de céphaline kaolin"
"TCMH"|"teneur corpusculaire moyenne en hémoglobine"
"TcPO2"|"mesure transcutanée de la pression partielle d'oxygène"
"TDA"|"trouble du déficit de l'attention"
"TDAH"|"trouble du déficit de l'attention avec ou sans hyperactivité"
"TDD"|"tableau de description"
"TDM"|"tomodensitométrie, synonyme de scanner"
"TdP"|"torsades de pointes"
"TDR"|"test de diagnostic rapide, troubles du rythme cardiaque"
"TEC"|"transfert d'embryon congelé"
"TED"|"trouble envahissant du développement"
"TEG"|"trouble d'état général"
"TEMP"|"tomographie à émission monophotonique"
"TENS"|"Transcutanous electrical nerve stimulation (neurostimulation électrique transcutanée)"
"TEP"|"tomographie par émission de positons, tuberculose extra pulmonaire, temps-espace-personne"
"TET"|"tube endotrachéal"
"TFI"|"troubles fonctionnels intestinaux"
"TFT"|"traumatisme fermé du thorax"
"Tg"|"thyroglobuline"
"TG"|"triglycérides"
"TGMH"|"teneur globulaire moyenne en hémoglobine"
"TGNM"|"tumeur germinale non séminomateuse"
"TGO"|"transaminase glutamo oxaloacétique"
"TGP"|"transaminase glutamo pyruvique"
"TGV"|"transposition des gros vaisseaux"
"TQ"|"Temps de Quick (test de coagulation lié au taux de prothrombine)"
"THC"|"tétrahydrocannabinol"
"THM"|"Traitement hormonal de la ménopause"
"THS"|"traitement hormono-substitutif"
"TIAC"|"toxiinfection alimentaire collective"
"TIC"|"tension intracrânienne"
"TID"|"(ter in die) trois fois par jour"
"TIH"|"thrombopénie induite à l'héparine"
"TIL"|"Tumor Infiltrating Lymphocytes (Lymphocytes infiltrant la tumeur)"
"TILE"|"Test itératif de latence à l'endormissement"
"TIO"|"tension intraoculaire"
"TIPMP"|"tumeur intracanalaire papillaire et mucineuse du pancréas"
"TIPS"|"transjugular intrahepatic portosystemic shunt (shunt intrahépatique par voie transjugulaire)"
"TIR"|"trypsine immunoréactive"
"TJ"|"turgescence jugulaire, tachycardie jonctionelle"
"TM"|"trou maculaire, Tumeur"
"TMC"|"trapézo-métacarpienne (articulation)"
"TME"|"test de maintien à l'éveil (trouble du sommeil), excision totale du mésorectum (en)"
"TMI"|"taux de mortalité infantile"
"TMP"|"triméthoprime"
"TMS"|"test de migration survie (des spermatozoïdes), trouble musculosquelettique"
"TN"|"taille de naissance"
"Tn"|"troponine"
"TnIc"|"troponine I cardiaque"
"TnTc"|"troponine T cardiaque"
"TNC"|"trouble neurocognitif"
"TNCM"|"trouble neurocognitif majeur"
"TND"|"testicule non descendu"
"TNE"|"tumeur neuroendocrine"
"TNF"|"tumor necrosis factor (facteur de nécrose tumorale, voir aussi famille du facteur de nécrose tumorale)"
"TNG"|"tube nasogastrique"
"TNM"|"tumor nodes metastasis (classification tumeur-nœuds-métastases)"
"TNT"|"test non tréponémique"
"TO"|"tension oculaire"
"TOC"|"trouble obsessionnel compulsif"
"TOCRI"|"toux chronique réfractaire, inexpliquée"
"ToF"|"Train of four (train-de-quatre), time of flight"
"TOGD"|"transit œsogastroduodénal"
"TOP"|"trouble oppositionnel avec provocation, temps d'occlusion plaquettaire"
"TP"|"taux de prothrombine, transplantation"
"TPA"|"thyroperoxydase"
"TPC"|"test post-coïtal"
"TPHA"|"treponema pallidum haemagglutination assay (dosage par hémagglutination de Treponema pallidum)"
"TPMT"|"thiopurine méthyltransférase"
"TPO"|"thyroperoxydase"
"TPP"|"thrombophlébite profonde"
"TPS"|"thrombophlébite superficielle"
"TQ"|"Temps de Quick (test de coagulation lié au taux de prothrombine)"
"TR"|"toucher rectal"
"TRAK"|"TSH-Rezeptor-AutoantiKörper (Anticorps anti-récepteur de la TSH)"
"TRALI"|"transfusion related acute lung injury (Œdème pulmonaire lésionnel post-transfusionnel)"
"TRAPS"|"Tumor necrosis factor Receptor Associated Periodic Syndrome"
"TRC"|"temps de recoloration cutanée pour estimer la pression artérielle"
"TRH"|"thyrotropin releasing hormone (hormone thyréotrope)"
"TRPS"|"syndrome trichorhinophalangien"
"TS"|"tentative de suicide (voir tentative d'autolyse, TA), temps de saignement, transfusion sanguine, travailleur social"
"TSA"|"troncs supra-aortiques, trouble du spectre autistique, trouble spécifique des apprentissages"
"TSH"|"thyroid stimulating hormone (thyréostimuline)"
"TSLO"|"trouble spécifique du langage oral"
"TSO"|"traitement substitutif opiacé"
"TSPT"|"trouble de stress post-traumatique"
"TSV"|"tachycardie supraventriculaire"
"TSVP"|"tachycardie supraventriculaire paroxystique"
"TT"|"test tréponémique"
"TTA"|"tubérosité tibiale antérieure"
"TTP"|"Thrombotic thrombocytopenic purpura (Purpura thrombotique thrombocytopénique)"
"TTR"|"transthyrétine"
"TUG"|"Time up and go (test de mesure clinique de locomotion et équilibre)"
"TUGT"|"time up and go test"
"Tx"|"traitement"
"TV"|"tachycardie ventriculaire, toucher vaginal"
"TVC"|"tachycardie ventriculaire catécholergique"
"TVBC"|"tronc veineux brachiocéphalique"
"TVC"|"thrombose veineuse cérébrale"
"TVI"|"tronc veineux innominé"
"TVIM"|"tumeur vésicale infiltrant le muscle"
"TVM"|"thrombose veineuse musculaire"
"TVNIM"|"tumeur vésicale n'infiltrant pas le muscle"
"TVO"|"trouble ventilatoire obstructif"
"TVP"|"thrombose veineuse profonde"
"TVPD"|"thrombose veineuse profonde distale"
"TVPP"|"thrombose veineuse profonde proximale"
"TVR"|"trouble ventilatoire restrictif"
"TVS"|"thrombose veineuse superficielle"
"TVT"|"tension-free vaginal tape (incontinence urinaire)"
"Tyr"|"tyrosine"
"U"|"uracile, sélénocystéine"
"UA"|"urgence absolue"
"UAEO"|"unité d'accueil, d'évaluation et d'orientation"
"UAH"|"unité anti-héparine"
"UCC"|"unité cognitivo-comportementale"
"UCNT"|"undifferentiated carcinoma of nasopharengeal type (carcinome indifférencié de type nasopharyngé)"
"UCR"|"urétrocystographie rétrograde"
"UCRM"|"urétrocystographie rétrograde et mictionnelle"
"UCSA"|"unité de consultation et de soins ambulatoires"
"UDI"|"utilisateur de drogue injectable"
"UDIV"|"utilisateur de drogue intraveineuse"
"UF"|"unité fonctionnelle prescriptrice, ultrafiltrat"
"UFC"|"unité faisant colonie"
"UGD"|"ulcère gastroduodénal"
"UGPL"|"unit G phospholipid"
"UHSA"|"unité hospitalière spécialement aménagée"
"UMPL"|"unit M phospholipdid"
"UHCD"|"unité d'hospitalisation courte durée"
"UHR"|"unité d'hébergement renforcé"
"UI"|"unité internationale"
"UIP"|"usual interstitial pneumonia (pneumonie interstitielle usuelle)"
"UIV"|"urographie intraveineuse"
"UMASP"|"unité mobile d'accompagnement et de soins palliatifs"
"UMF"|"unité de médecine familiale"
"UMS"|"urate monosodique (goutte)"
"UNACS"|"union nationale des associations citoyennes de santé"
"UNAFAM"|"union nationale des familles et amis des maladies souffrant de troubles psychiatriques"
"UNVA"|"unité neurologique vasculaire aigu"
"UP"|"unité plaquettaire"
"UPA"|"unité paquet-année"
"Upatou"|"unité de proximité d'accueil, de traitement et d'orientation des urgences"
"UPR"|"urétéropyélographie rétrograde (en)"
"UR"|"urgence relative"
"URFI"|"unité de réadaptation fonctionnelle intensive"
"US"|"ultrason"
"USC"|"unité de surveillance continue"
"USI"|"unité de soins intensifs"
"USIC"|"unité de soins intensifs cardiologique"
"USIP"|"unité de soins intensifs pneumologique"
"USLD"|"unité de soins de longue durée"
"USPA"|"unité de soins post-anesthésie"
"USP"|"unité de soins palliatifs"
"UTRF"|"unité transitoire de réadaptation fonctionnelle"
"UV"|"ultraviolet"
"UVP"|" Unité de vie protégée"
"V"|"valine"
"Vx"|"vomissement"
"V3"|"3e ventricule"
"V4"|"4e ventricule"
"VA"|"végétations adénoïdes, voies aériennes"
"VAC"|"vacuum-assisted closure (thérapie par pression négative ou traitement des plaies par pression négative), ventilation assistée contrôlée"
"VAD"|"visite à domicile"
"VADS"|"voies aérodigestives supérieures"
"VAS"| voies aériennes supérieures"
"VAT"|"vaccination anti-tétanique"
"VBEH"|"voies biliaires extrahépatiques"
"VBIH"|"voies biliaires intrahépatiques"
"VBP"|"voie biliaire principale"
"VC"|"volume courant"
"VCA"|"viral capside antigen"
"VCI"|"Veine cave inférieure"
"VCS"|"Veine cave supérieure"
"VD"|"ventricule droit, verre dépoli"
"Vd"|"vélocité diastolique (sonographie Doppler), volume de dilution"
"VDRL"|"veneral disease research laboratory (laboratoire de recherche sur la maladie vénérienne)"
"VEMS"|"volume maximal expiré pendant la première seconde"
"VES"|"volume d'éjection systolique"
"VG"|"ventricule gauche"
"VGM"|"volume globulaire moyen"
"VGPR"|"very good partial response"
"VGTD"|"ventricule gauche télédiastolique"
"VH"|"vessie hyperactive"
"VHA"|"virus de l'hépatite A"
"VHB"|"virus de l'hépatite B"
"VHC"|"virus de l'hépatite C"
"VHD"|"virus de l'hépatite D"
"VHE"|"virus de l'hépatite E"
"VHL"|"von Hippel-Lindau"
"VI"|"ventilation invasive (intubation)"
"VIH"|"virus de l'immunodéficience humaine"
"VIP"|"vasoactive intestinal peptide (peptide vasoactif intestinal)"
"VITT"|"Vaccine-induced immune thrombotic thrombocytopenia (thrombose atypique liée à la vaccination)"
"VL"|"vision de loin, voies lacrymales, ventricules latéraux"
"VLCT"|"valeur limite court terme"
"VLDL"|"very low density lipoprotein (lipoprotéine de très basse densité)"
"VLE"|"valeur limite d'exposition"
"VLEP"|"valeur limite d'exposition profesionnelle"
"VLPO"|"noyau ventrolatéral préoptique"
"VM"|"valve mitrale, ventilation mécanique"
"VME"|"valeur moyenne d'exposition"
"VMS"|"vitesse maximale systolique, veine mésentérique supérieure"
"VNG"|"vidéonystagmographie"
"VNI"|"ventilation non invasive"
"VNR"|"Valeur nutritionnelle de référence"
"VO"|"varices œsophagiennes (stade I II III)"
"VO2max"|"consommation maximale d'oxygène exprimée en l/min"
"VOP"|"vitesse d'onde de pouls"
"VPH"|"virus du papillome humain"
"VPN"|"valeur prédictive négative"
"VPP"|"valeur prédictive positive, variation de la pression pulsée"
"VPPB"|"vertige paroxystique positionnel bénin"
"VR"|"volume résiduel, volume régurgité, valeur de référence"
"VRE"|"volume de réserve expiratoire"
"VRI"|"volume de réserve inspiratoire"
"VRS"|"virus respiratoire syncytial"
"VS"|"vitesse de sédimentation"
"VSAI"|"ventilation spontanée avec aide inspiratoire"
"VSH"|"veines sus-hépatiques (ancienne nomenclature anatomique)"
"VSL"|"véhicule sanitaire léger"
"VS-PAP"|"ventilation spontanée en pression aspiration positive (CPAP en anglais)"
"VS-PEP"|"ventilation spontanée avec pression expiratoire positive"
"VT"|"volume tidal (volume courant)"
"VTD"|"volume télédiastolique"
"VTI"|"Velocity-Time Integral (intégrale temps-vitesse du flux aortique)"
"VTR"|"valeur toxicologique de référence"
"VTS"|"volume télésystolique"
"VV"|"vibrations vocales"
"VVC"|"voie veineuse centrale"
"VVP"|"voie veineuse périphérique"
"VVV"|"végétaux vivants et variés"
"VZV"|"virus varicelle-zona"
"W"|"tryptophane"
"WASP"|"Wiskott-Aldrich syndrome protein"
"WB"|"western blot"
"WPW"|"syndrome de Wolff-Parkinson-White"
"XGJ"|"xanthogranulome juvénile"
"XGN"|"xanthogranulome nécrotique"
"XLA"|"(X-linked agammaglobulinemia) agammaglobulinémie liée au sexe"
"XP"|"xeroderma pigmentosum"
"Y"|"tyrosine"
"YAG"|"yttrium aluminium garnet"
"ZDV"|"zidovudine"
"ZEBRA"|"ZEB replicating activator"
"ZnT8"|"zinc transporter 8"